raceId,driverId,constructorId,year,date,circuit_name,circuit_country,constructor_name,grid_pos,qual_pos,q1,q2,q3,driver_age,driver_career_starts,driver_prev_points_3r,driver_prev_wins_3r,driver_prev_podium_3r,driver_prev_avg_finish_3r,team_prev_points_3r,team_prev_avg_finish_3r,team_prev_podium_3r,driver_reliability,team_reliability,driver_track_hist_finish,sprint_finish_pos,sprint_points,sprint_podium,pit_count,pit_total_duration,lap_ms_mean,lap_ms_std,laps_completed,driver_season_points,driver_season_pos,team_season_points,team_season_pos,finish_pos,did_win,did_podium,did_finish,points,full_name
202501,,,2025,,Australia,,McLaren Mercedes,1,1.0,1:15.912,1:15.415,1:15.096,,,,,,,,,,,,,,0.0,False,,,,,57,,,,,1.0,True,True,True,25,Lando Norris
202501,,,2025,,Australia,,McLaren Mercedes,2,2.0,1:16.062,1:15.468,1:15.180,,,,,,,,,,,,,,0.0,False,,,,,57,,,,,9.0,False,False,True,2,Oscar Piastri
202501,,,2025,,Australia,,Red Bull Racing Honda RBPT,3,3.0,1:16.018,1:15.565,1:15.481,,,,,,,,,,,,,,0.0,False,,,,,57,,,,,2.0,False,True,True,18,Max Verstappen
202501,,,2025,,Australia,,Mercedes,4,4.0,1:15.971,1:15.798,1:15.546,,,,,,,,,,,,,,0.0,False,,,,,57,,,,,3.0,False,True,True,15,George Russell
202501,,,2025,,Australia,,Racing Bulls Honda RBPT,5,5.0,1:16.225,1:16.009,1:15.670,,,,,,,,,,,,,,0.0,False,,,,,57,,,,,12.0,False,False,True,0,Yuki Tsunoda
202501,,,2025,,Australia,,Williams Mercedes,6,6.0,1:16.245,1:16.017,1:15.737,,,,,,,,,,,,,,0.0,False,,,,,57,,,,,5.0,False,False,True,10,Alexander Albon
202501,,,2025,,Australia,,Ferrari,7,7.0,1:16.029,1:15.827,1:15.755,,,,,,,,,,,,,,0.0,False,,,,,57,,,,,8.0,False,False,True,4,Charles Leclerc
202501,,,2025,,Australia,,Ferrari,8,8.0,1:16.213,1:15.919,1:15.973,,,,,,,,,,,,,,0.0,False,,,,,57,,,,,10.0,False,False,True,1,Lewis Hamilton
202501,,,2025,,Australia,,Alpine Renault,9,9.0,1:16.328,1:16.112,1:15.980,,,,,,,,,,,,,,0.0,False,,,,,57,,,,,11.0,False,False,True,0,Pierre Gasly
202501,,,2025,,Australia,,Williams Mercedes,10,10.0,1:16.360,1:15.931,1:16.062,,,,,,,,,,,,,,0.0,False,,,,,0,,,,,,False,False,False,0,Carlos Sainz
202501,,,2025,,Australia,,Racing Bulls Honda RBPT,11,11.0,1:16.354,1:16.175,,,,,,,,,,,,,,,0.0,False,,,,,0,,,,,,False,False,False,0,Isack Hadjar
202501,,,2025,,Australia,,Aston Martin Aramco Mercedes,12,12.0,1:16.288,1:16.453,,,,,,,,,,,,,,,0.0,False,,,,,32,,,,,,False,False,False,0,Fernando Alonso
202501,,,2025,,Australia,,Aston Martin Aramco Mercedes,13,13.0,1:16.369,1:16.483,,,,,,,,,,,,,,,0.0,False,,,,,57,,,,,6.0,False,False,True,8,Lance Stroll
202501,,,2025,,Australia,,Alpine Renault,14,14.0,1:16.315,1:16.863,,,,,,,,,,,,,,,0.0,False,,,,,0,,,,,,False,False,False,0,Jack Doohan
202501,,,2025,,Australia,,Kick Sauber Ferrari,15,15.0,1:16.516,1:17.520,,,,,,,,,,,,,,,0.0,False,,,,,45,,,,,,False,False,False,0,Gabriel Bortoleto
202501,,,2025,,Australia,,Mercedes,16,16.0,1:16.525,,,,,,,,,,,,,,,,0.0,False,,,,,57,,,,,4.0,False,False,True,12,Kimi Antonelli
202501,,,2025,,Australia,,Kick Sauber Ferrari,17,17.0,1:16.579,,,,,,,,,,,,,,,,0.0,False,,,,,57,,,,,7.0,False,False,True,6,Nico Hulkenberg
202501,,,2025,,Australia,,Red Bull Racing Honda RBPT,18,18.0,1:17.094,,,,,,,,,,,,,,,,0.0,False,,,,,46,,,,,,False,False,False,0,Liam Lawson
202501,,,2025,,Australia,,Haas Ferrari,19,19.0,1:17.147,,,,,,,,,,,,,,,,0.0,False,,,,,57,,,,,13.0,False,False,True,0,Esteban Ocon
202501,,,2025,,Australia,,Haas Ferrari,20,,DNS,,,,,,,,,,,,,,,,0.0,False,,,,,57,,,,,14.0,False,False,True,0,Oliver Bearman
202502,,,2025,,China,,McLaren Mercedes,1,1.0,1:31.591,1:31.200,1:30.641,,,,,,,,,,,,,2.0,7.0,True,,,,,56,,,,,1.0,True,True,True,25,Oscar Piastri
202502,,,2025,,China,,Mercedes,2,2.0,1:31.295,1:31.307,1:30.723,,,,,,,,,,,,,4.0,5.0,False,,,,,56,,,,,3.0,False,True,True,15,George Russell
202502,,,2025,,China,,McLaren Mercedes,3,3.0,1:30.983,1:30.787,1:30.793,,,,,,,,,,,,,8.0,1.0,False,,,,,56,,,,,2.0,False,True,True,18,Lando Norris
202502,,,2025,,China,,Red Bull Racing Honda RBPT,4,4.0,1:31.424,1:31.142,1:30.817,,,,,,,,,,,,,3.0,6.0,True,,,,,56,,,,,4.0,False,False,True,12,Max Verstappen
202502,,,2025,,China,,Ferrari,5,5.0,1:31.690,1:31.501,1:30.927,,,,,,,,,,,,,1.0,8.0,True,,,,,0,,,,,,False,False,False,0,Lewis Hamilton
202502,,,2025,,China,,Ferrari,6,6.0,1:31.579,1:31.450,1:31.021,,,,,,,,,,,,,5.0,4.0,False,,,,,0,,,,,,False,False,False,0,Charles Leclerc
202502,,,2025,,China,,Racing Bulls Honda RBPT,7,7.0,1:31.162,1:31.253,1:31.079,,,,,,,,,,,,,13.0,0.0,False,,,,,56,,,,,11.0,False,False,True,0,Isack Hadjar
202502,,,2025,,China,,Mercedes,8,8.0,1:31.676,1:31.590,1:31.103,,,,,,,,,,,,,7.0,2.0,False,,,,,56,,,,,6.0,False,False,True,8,Kimi Antonelli
202502,,,2025,,China,,Racing Bulls Honda RBPT,9,9.0,1:31.238,1:31.260,1:31.638,,,,,,,,,,,,,6.0,3.0,False,,,,,55,,,,,16.0,False,False,True,0,Yuki Tsunoda
202502,,,2025,,China,,Williams Mercedes,10,10.0,1:31.503,1:31.595,1:31.706,,,,,,,,,,,,,11.0,0.0,False,,,,,56,,,,,7.0,False,False,True,6,Alexander Albon
202502,,,2025,,China,,Haas Ferrari,11,11.0,1:31.876,1:31.625,,,,,,,,,,,,,,16.0,0.0,False,,,,,56,,,,,5.0,False,False,True,10,Esteban Ocon
202502,,,2025,,China,,Kick Sauber Ferrari,12,12.0,1:31.921,1:31.632,,,,,,,,,,,,,,19.0,0.0,False,,,,,55,,,,,15.0,False,False,True,0,Nico Hulkenberg
202502,,,2025,,China,,Aston Martin Aramco Mercedes,13,13.0,1:31.719,1:31.688,,,,,,,,,,,,,,10.0,0.0,False,,,,,4,,,,,,False,False,False,0,Fernando Alonso
202502,,,2025,,China,,Aston Martin Aramco Mercedes,14,14.0,1:31.923,1:31.773,,,,,,,,,,,,,,9.0,0.0,False,,,,,56,,,,,9.0,False,False,True,2,Lance Stroll
202502,,,2025,,China,,Williams Mercedes,15,15.0,1:31.628,1:31.840,,,,,,,,,,,,,,17.0,0.0,False,,,,,56,,,,,10.0,False,False,True,1,Carlos Sainz
202502,,,2025,,China,,Alpine Renault,16,16.0,1:31.992,,,,,,,,,,,,,,,12.0,0.0,False,,,,,0,,,,,,False,False,False,0,Pierre Gasly
202502,,,2025,,China,,Haas Ferrari,17,17.0,1:32.018,,,,,,,,,,,,,,,15.0,0.0,False,,,,,56,,,,,8.0,False,False,True,4,Oliver Bearman
202502,,,2025,,China,,Alpine Renault,18,18.0,1:32.092,,,,,,,,,,,,,,,20.0,0.0,False,,,,,56,,,,,13.0,False,False,True,0,Jack Doohan
202502,,,2025,,China,,Kick Sauber Ferrari,19,19.0,1:32.141,,,,,,,,,,,,,,,18.0,0.0,False,,,,,55,,,,,14.0,False,False,True,0,Gabriel Bortoleto
202502,,,2025,,China,,Red Bull Racing Honda RBPT,20,20.0,1:32.174,,,,,,,,,,,,,,,14.0,0.0,False,,,,,56,,,,,12.0,False,False,True,0,Liam Lawson
202503,,,2025,,Japan,,Red Bull Racing Honda RBPT,1,1.0,1:27.943,1:27.502,1:26.983,,,,,,,,,,,,,,0.0,False,,,,,53,,,,,1.0,True,True,True,25,Max Verstappen
202503,,,2025,,Japan,,McLaren Mercedes,2,2.0,1:27.845,1:27.146,1:26.995,,,,,,,,,,,,,,0.0,False,,,,,53,,,,,2.0,False,True,True,18,Lando Norris
202503,,,2025,,Japan,,McLaren Mercedes,3,3.0,1:27.687,1:27.507,1:27.207,,,,,,,,,,,,,,0.0,False,,,,,53,,,,,3.0,False,True,True,15,Oscar Piastri
202503,,,2025,,Japan,,Ferrari,4,4.0,1:27.920,1:27.555,1:27.299,,,,,,,,,,,,,,0.0,False,,,,,53,,,,,4.0,False,False,True,12,Charles Leclerc
202503,,,2025,,Japan,,Mercedes,5,5.0,1:27.843,1:27.400,1:27.318,,,,,,,,,,,,,,0.0,False,,,,,53,,,,,5.0,False,False,True,10,George Russell
202503,,,2025,,Japan,,Mercedes,6,6.0,1:27.968,1:27.639,1:27.555,,,,,,,,,,,,,,0.0,False,,,,,53,,,,,6.0,False,False,True,8,Kimi Antonelli
202503,,,2025,,Japan,,Racing Bulls Honda RBPT,7,7.0,1:28.278,1:27.775,1:27.569,,,,,,,,,,,,,,0.0,False,,,,,53,,,,,8.0,False,False,True,4,Isack Hadjar
202503,,,2025,,Japan,,Ferrari,8,8.0,1:27.942,1:27.610,1:27.610,,,,,,,,,,,,,,0.0,False,,,,,53,,,,,7.0,False,False,True,6,Lewis Hamilton
202503,,,2025,,Japan,,Williams Mercedes,9,9.0,1:28.218,1:27.783,1:27.615,,,,,,,,,,,,,,0.0,False,,,,,53,,,,,9.0,False,False,True,2,Alexander Albon
202503,,,2025,,Japan,,Haas Ferrari,10,10.0,1:28.228,1:27.711,1:27.867,,,,,,,,,,,,,,0.0,False,,,,,53,,,,,10.0,False,False,True,1,Oliver Bearman
202503,,,2025,,Japan,,Alpine Renault,11,11.0,1:28.186,1:27.822,,,,,,,,,,,,,,,0.0,False,,,,,53,,,,,13.0,False,False,True,0,Pierre Gasly
202503,,,2025,,Japan,,Aston Martin Aramco Mercedes,12,13.0,1:28.337,1:27.897,,,,,,,,,,,,,,,0.0,False,,,,,53,,,,,11.0,False,False,True,0,Fernando Alonso
202503,,,2025,,Japan,,Racing Bulls Honda RBPT,13,14.0,1:28.554,1:27.906,,,,,,,,,,,,,,,0.0,False,,,,,53,,,,,17.0,False,False,True,0,Liam Lawson
202503,,,2025,,Japan,,Red Bull Racing Honda RBPT,14,15.0,1:27.967,1:28.000,,,,,,,,,,,,,,,0.0,False,,,,,53,,,,,12.0,False,False,True,0,Yuki Tsunoda
202503,,,2025,,Japan,,Williams Mercedes,15,12.0,1:28.209,1:27.836,,,,,,,,,,,,,,,0.0,False,,,,,53,,,,,14.0,False,False,True,0,Carlos Sainz
202503,,,2025,,Japan,,Kick Sauber Ferrari,16,16.0,1:28.570,,,,,,,,,,,,,,,,0.0,False,,,,,53,,,,,16.0,False,False,True,0,Nico Hulkenberg
202503,,,2025,,Japan,,Kick Sauber Ferrari,17,17.0,1:28.622,,,,,,,,,,,,,,,,0.0,False,,,,,53,,,,,19.0,False,False,True,0,Gabriel Bortoleto
202503,,,2025,,Japan,,Haas Ferrari,18,18.0,1:28.696,,,,,,,,,,,,,,,,0.0,False,,,,,53,,,,,18.0,False,False,True,0,Esteban Ocon
202503,,,2025,,Japan,,Alpine Renault,19,19.0,1:28.877,,,,,,,,,,,,,,,,0.0,False,,,,,53,,,,,15.0,False,False,True,0,Jack Doohan
202503,,,2025,,Japan,,Aston Martin Aramco Mercedes,20,20.0,1:29.271,,,,,,,,,,,,,,,,0.0,False,,,,,52,,,,,20.0,False,False,True,0,Lance Stroll
202504,,,2025,,Bahrain,,McLaren Mercedes,1,1.0,1:31.392,1:30.454,1:29.841,,,,,,,,,,,,,,0.0,False,,,,,57,,,,,1.0,True,True,True,25,Oscar Piastri
202504,,,2025,,Bahrain,,Ferrari,2,3.0,1:31.454,1:30.724,1:30.175,,,,,,,,,,,,,,0.0,False,,,,,57,,,,,4.0,False,False,True,12,Charles Leclerc
202504,,,2025,,Bahrain,,Mercedes,3,2.0,1:31.494,1:30.664,1:30.009,,,,,,,,,,,,,,0.0,False,,,,,57,,,,,2.0,False,True,True,18,George Russell
202504,,,2025,,Bahrain,,Alpine Renault,4,5.0,1:31.462,1:30.643,1:30.216,,,,,,,,,,,,,,0.0,False,,,,,57,,,,,7.0,False,False,True,6,Pierre Gasly
202504,,,2025,,Bahrain,,Mercedes,5,4.0,1:31.415,1:30.716,1:30.213,,,,,,,,,,,,,,0.0,False,,,,,57,,,,,11.0,False,False,True,0,Kimi Antonelli
202504,,,2025,,Bahrain,,McLaren Mercedes,6,6.0,1:31.107,1:30.560,1:30.267,,,,,,,,,,,,,,0.0,False,,,,,57,,,,,3.0,False,True,True,15,Lando Norris
202504,,,2025,,Bahrain,,Red Bull Racing Honda RBPT,7,7.0,1:31.303,1:31.019,1:30.423,,,,,,,,,,,,,,0.0,False,,,,,57,,,,,6.0,False,False,True,8,Max Verstappen
202504,,,2025,,Bahrain,,Williams Mercedes,8,8.0,1:31.591,1:30.844,1:30.680,,,,,,,,,,,,,,0.0,False,,,,,45,,,,,,False,False,False,0,Carlos Sainz
202504,,,2025,,Bahrain,,Ferrari,9,9.0,1:31.219,1:31.009,1:30.772,,,,,,,,,,,,,,0.0,False,,,,,57,,,,,5.0,False,False,True,10,Lewis Hamilton
202504,,,2025,,Bahrain,,Red Bull Racing Honda RBPT,10,10.0,1:31.751,1:31.228,1:31.303,,,,,,,,,,,,,,0.0,False,,,,,57,,,,,9.0,False,False,True,2,Yuki Tsunoda
202504,,,2025,,Bahrain,,Alpine Renault,11,11.0,1:31.414,1:31.245,,,,,,,,,,,,,,,0.0,False,,,,,57,,,,,14.0,False,False,True,0,Jack Doohan
202504,,,2025,,Bahrain,,Racing Bulls Honda RBPT,12,12.0,1:31.591,1:31.271,,,,,,,,,,,,,,,0.0,False,,,,,57,,,,,13.0,False,False,True,0,Isack Hadjar
202504,,,2025,,Bahrain,,Aston Martin Aramco Mercedes,13,13.0,1:31.634,1:31.886,,,,,,,,,,,,,,,0.0,False,,,,,57,,,,,15.0,False,False,True,0,Fernando Alonso
202504,,,2025,,Bahrain,,Haas Ferrari,14,14.0,1:31.594,DNF,,,,,,,,,,,,,,,0.0,False,,,,,57,,,,,8.0,False,False,True,4,Esteban Ocon
202504,,,2025,,Bahrain,,Williams Mercedes,15,15.0,1:32.040,,,,,,,,,,,,,,,,0.0,False,,,,,57,,,,,12.0,False,False,True,0,Alexander Albon
202504,,,2025,,Bahrain,,Kick Sauber Ferrari,16,16.0,1:32.067,,,,,,,,,,,,,,,,0.0,False,,,,,0,,,,,,False,False,False,0,Nico Hulkenberg
202504,,,2025,,Bahrain,,Racing Bulls Honda RBPT,17,17.0,1:32.165,,,,,,,,,,,,,,,,0.0,False,,,,,57,,,,,16.0,False,False,True,0,Liam Lawson
202504,,,2025,,Bahrain,,Kick Sauber Ferrari,18,18.0,1:32.186,,,,,,,,,,,,,,,,0.0,False,,,,,57,,,,,18.0,False,False,True,0,Gabriel Bortoleto
202504,,,2025,,Bahrain,,Aston Martin Aramco Mercedes,19,19.0,1:32.283,,,,,,,,,,,,,,,,0.0,False,,,,,57,,,,,17.0,False,False,True,0,Lance Stroll
202504,,,2025,,Bahrain,,Haas Ferrari,20,20.0,1:32.373,,,,,,,,,,,,,,,,0.0,False,,,,,57,,,,,10.0,False,False,True,1,Oliver Bearman
202505,,,2025,,Saudi Arabia,,Red Bull Racing Honda RBPT,1,1.0,1:27.778,1:27.529,1:27.294,,,,,,,,,,,,,,0.0,False,,,,,50,,,,,2.0,False,True,True,18,Max Verstappen
202505,,,2025,,Saudi Arabia,,McLaren Mercedes,2,2.0,1:27.901,1:27.545,1:27.304,,,,,,,,,,,,,,0.0,False,,,,,50,,,,,1.0,True,True,True,25,Oscar Piastri
202505,,,2025,,Saudi Arabia,,Mercedes,3,3.0,1:28.282,1:27.599,1:27.407,,,,,,,,,,,,,,0.0,False,,,,,50,,,,,5.0,False,False,True,10,George Russell
202505,,,2025,,Saudi Arabia,,Ferrari,4,4.0,1:28.552,1:27.866,1:27.670,,,,,,,,,,,,,,0.0,False,,,,,50,,,,,3.0,False,True,True,15,Charles Leclerc
202505,,,2025,,Saudi Arabia,,Mercedes,5,5.0,1:28.128,1:27.798,1:27.866,,,,,,,,,,,,,,0.0,False,,,,,50,,,,,6.0,False,False,True,8,Kimi Antonelli
202505,,,2025,,Saudi Arabia,,Williams Mercedes,6,6.0,1:28.354,1:28.054,1:28.164,,,,,,,,,,,,,,0.0,False,,,,,50,,,,,8.0,False,False,True,4,Carlos Sainz
202505,,,2025,,Saudi Arabia,,Ferrari,7,7.0,1:28.372,1:28.102,1:28.201,,,,,,,,,,,,,,0.0,False,,,,,50,,,,,7.0,False,False,True,6,Lewis Hamilton
202505,,,2025,,Saudi Arabia,,Red Bull Racing Honda RBPT,8,8.0,1:28.226,1:27.990,1:28.204,,,,,,,,,,,,,,0.0,False,,,,,1,,,,,,False,False,False,0,Yuki Tsunoda
202505,,,2025,,Saudi Arabia,,Alpine Renault,9,9.0,1:28.241,1:28.025,1:28.367,,,,,,,,,,,,,,0.0,False,,,,,0,,,,,,False,False,False,0,Pierre Gasly
202505,,,2025,,Saudi Arabia,,McLaren Mercedes,10,10.0,1:27.805,1:27.481,DNF,,,,,,,,,,,,,,0.0,False,,,,,50,,,,,4.0,False,False,True,12,Lando Norris
202505,,,2025,,Saudi Arabia,,Williams Mercedes,11,11.0,1:28.279,1:28.109,,,,,,,,,,,,,,,0.0,False,,,,,50,,,,,9.0,False,False,True,2,Alexander Albon
202505,,,2025,,Saudi Arabia,,Racing Bulls Honda RBPT,12,12.0,1:28.561,1:28.191,,,,,,,,,,,,,,,0.0,False,,,,,50,,,,,12.0,False,False,True,0,Liam Lawson
202505,,,2025,,Saudi Arabia,,Aston Martin Aramco Mercedes,13,13.0,1:28.548,1:28.303,,,,,,,,,,,,,,,0.0,False,,,,,50,,,,,11.0,False,False,True,0,Fernando Alonso
202505,,,2025,,Saudi Arabia,,Racing Bulls Honda RBPT,14,14.0,1:28.571,1:28.418,,,,,,,,,,,,,,,0.0,False,,,,,50,,,,,10.0,False,False,True,1,Isack Hadjar
202505,,,2025,,Saudi Arabia,,Haas Ferrari,15,15.0,1:28.536,1:28.648,,,,,,,,,,,,,,,0.0,False,,,,,50,,,,,13.0,False,False,True,0,Oliver Bearman
202505,,,2025,,Saudi Arabia,,Aston Martin Aramco Mercedes,16,16.0,1:28.645,,,,,,,,,,,,,,,,0.0,False,,,,,49,,,,,16.0,False,False,True,0,Lance Stroll
202505,,,2025,,Saudi Arabia,,Alpine Renault,17,17.0,1:28.739,,,,,,,,,,,,,,,,0.0,False,,,,,49,,,,,17.0,False,False,True,0,Jack Doohan
202505,,,2025,,Saudi Arabia,,Kick Sauber Ferrari,18,18.0,1:28.782,,,,,,,,,,,,,,,,0.0,False,,,,,49,,,,,15.0,False,False,True,0,Nico Hulkenberg
202505,,,2025,,Saudi Arabia,,Haas Ferrari,19,19.0,1:29.092,,,,,,,,,,,,,,,,0.0,False,,,,,50,,,,,14.0,False,False,True,0,Esteban Ocon
202505,,,2025,,Saudi Arabia,,Kick Sauber Ferrari,20,20.0,1:29.462,,,,,,,,,,,,,,,,0.0,False,,,,,49,,,,,18.0,False,False,True,0,Gabriel Bortoleto
202506,,,2025,,Miami,,Red Bull Racing Honda RBPT,1,1.0,1:26.870,1:26.643,1:26.204,,,,,,,,,,,,,17.0,0.0,False,,,,,57,,,,,4.0,False,False,True,12,Max Verstappen
202506,,,2025,,Miami,,McLaren Mercedes,2,2.0,1:26.955,1:26.499,1:26.269,,,,,,,,,,,,,1.0,8.0,True,,,,,57,,,,,2.0,False,True,True,18,Lando Norris
202506,,,2025,,Miami,,Mercedes,3,3.0,1:27.077,1:26.606,1:26.271,,,,,,,,,,,,,7.0,2.0,False,,,,,57,,,,,6.0,False,False,True,8,Kimi Antonelli
202506,,,2025,,Miami,,McLaren Mercedes,4,4.0,1:27.006,1:26.269,1:26.375,,,,,,,,,,,,,2.0,7.0,True,,,,,57,,,,,1.0,True,True,True,25,Oscar Piastri
202506,,,2025,,Miami,,Mercedes,5,5.0,1:27.014,1:26.575,1:26.385,,,,,,,,,,,,,4.0,5.0,False,,,,,57,,,,,3.0,False,True,True,15,George Russell
202506,,,2025,,Miami,,Williams Mercedes,6,6.0,1:27.098,1:26.847,1:26.569,,,,,,,,,,,,,,0.0,False,,,,,57,,,,,9.0,False,False,True,2,Carlos Sainz
202506,,,2025,,Miami,,Williams Mercedes,7,7.0,1:27.042,1:26.855,1:26.682,,,,,,,,,,,,,11.0,0.0,False,,,,,57,,,,,5.0,False,False,True,10,Alexander Albon
202506,,,2025,,Miami,,Ferrari,8,8.0,1:27.417,1:26.948,1:26.754,,,,,,,,,,,,,,0.0,False,,,,,57,,,,,7.0,False,False,True,6,Charles Leclerc
202506,,,2025,,Miami,,Haas Ferrari,9,9.0,1:27.450,1:26.967,1:26.824,,,,,,,,,,,,,12.0,0.0,False,,,,,57,,,,,12.0,False,False,True,0,Esteban Ocon
202506,,,2025,,Miami,,Red Bull Racing Honda RBPT,10,10.0,1:27.298,1:26.959,1:26.943,,,,,,,,,,,,,6.0,3.0,False,,,,,57,,,,,10.0,False,False,True,1,Yuki Tsunoda
202506,,,2025,,Miami,,Racing Bulls Honda RBPT,11,11.0,1:27.301,1:26.987,,,,,,,,,,,,,,10.0,0.0,False,,,,,57,,,,,11.0,False,False,True,0,Isack Hadjar
202506,,,2025,,Miami,,Ferrari,12,12.0,1:27.279,1:27.006,,,,,,,,,,,,,,3.0,6.0,True,,,,,57,,,,,8.0,False,False,True,4,Lewis Hamilton
202506,,,2025,,Miami,,Kick Sauber Ferrari,13,13.0,1:27.343,1:27.151,,,,,,,,,,,,,,15.0,0.0,False,,,,,30,,,,,,False,False,False,0,Gabriel Bortoleto
202506,,,2025,,Miami,,Alpine Renault,14,14.0,1:27.422,1:27.186,,,,,,,,,,,,,,16.0,0.0,False,,,,,0,,,,,,False,False,False,0,Jack Doohan
202506,,,2025,,Miami,,Racing Bulls Honda RBPT,15,15.0,1:27.444,1:27.363,,,,,,,,,,,,,,13.0,0.0,False,,,,,36,,,,,,False,False,False,0,Liam Lawson
202506,,,2025,,Miami,,Kick Sauber Ferrari,16,16.0,1:27.473,,,,,,,,,,,,,,,9.0,0.0,False,,,,,56,,,,,14.0,False,False,True,0,Nico Hulkenberg
202506,,,2025,,Miami,,Aston Martin Aramco Mercedes,17,17.0,1:27.604,,,,,,,,,,,,,,,,0.0,False,,,,,56,,,,,15.0,False,False,True,0,Fernando Alonso
202506,,,2025,,Miami,,Aston Martin Aramco Mercedes,18,19.0,1:27.830,,,,,,,,,,,,,,,5.0,4.0,False,,,,,56,,,,,16.0,False,False,True,0,Lance Stroll
202506,,,2025,,Miami,,Haas Ferrari,19,20.0,1:27.999,,,,,,,,,,,,,,,14.0,0.0,False,,,,,27,,,,,,False,False,False,0,Oliver Bearman
202506,,,2025,,Miami,,Alpine Renault,20,18.0,1:27.710,,,,,,,,,,,,,,,8.0,1.0,False,,,,,57,,,,,13.0,False,False,True,0,Pierre Gasly
202507,,,2025,,Emilia-Romagna,,McLaren Mercedes,1,1.0,1:15.500,1:15.214,1:14.670,,,,,,,,,,,,,,0.0,False,,,,,63,,,,,3.0,False,True,True,15,Oscar Piastri
202507,,,2025,,Emilia-Romagna,,Red Bull Racing Honda RBPT,2,2.0,1:15.175,1:15.394,1:14.704,,,,,,,,,,,,,,0.0,False,,,,,63,,,,,1.0,True,True,True,25,Max Verstappen
202507,,,2025,,Emilia-Romagna,,Mercedes,3,3.0,1:15.852,1:15.334,1:14.807,,,,,,,,,,,,,,0.0,False,,,,,63,,,,,7.0,False,False,True,6,George Russell
202507,,,2025,,Emilia-Romagna,,McLaren Mercedes,4,4.0,1:15.894,1:15.261,1:14.962,,,,,,,,,,,,,,0.0,False,,,,,63,,,,,2.0,False,True,True,18,Lando Norris
202507,,,2025,,Emilia-Romagna,,Aston Martin Aramco Mercedes,5,5.0,1:15.695,1:15.442,1:15.431,,,,,,,,,,,,,,0.0,False,,,,,63,,,,,11.0,False,False,True,0,Fernando Alonso
202507,,,2025,,Emilia-Romagna,,Williams Mercedes,6,6.0,1:15.987,1:15.198,1:15.432,,,,,,,,,,,,,,0.0,False,,,,,63,,,,,8.0,False,False,True,4,Carlos Sainz
202507,,,2025,,Emilia-Romagna,,Williams Mercedes,7,7.0,1:16.123,1:15.521,1:15.473,,,,,,,,,,,,,,0.0,False,,,,,63,,,,,5.0,False,False,True,10,Alexander Albon
202507,,,2025,,Emilia-Romagna,,Aston Martin Aramco Mercedes,8,8.0,1:15.817,1:15.497,1:15.581,,,,,,,,,,,,,,0.0,False,,,,,63,,,,,15.0,False,False,True,0,Lance Stroll
202507,,,2025,,Emilia-Romagna,,Racing Bulls Honda RBPT,9,9.0,1:16.253,1:15.510,1:15.746,,,,,,,,,,,,,,0.0,False,,,,,63,,,,,9.0,False,False,True,2,Isack Hadjar
202507,,,2025,,Emilia-Romagna,,Alpine Renault,10,10.0,1:15.937,1:15.505,1:15.787,,,,,,,,,,,,,,0.0,False,,,,,63,,,,,13.0,False,False,True,0,Pierre Gasly
202507,,,2025,,Emilia-Romagna,,Ferrari,11,11.0,1:16.108,1:15.604,,,,,,,,,,,,,,,0.0,False,,,,,63,,,,,6.0,False,False,True,8,Charles Leclerc
202507,,,2025,,Emilia-Romagna,,Ferrari,12,12.0,1:16.163,1:15.765,,,,,,,,,,,,,,,0.0,False,,,,,63,,,,,4.0,False,False,True,12,Lewis Hamilton
202507,,,2025,,Emilia-Romagna,,Mercedes,13,13.0,1:15.943,1:15.772,,,,,,,,,,,,,,,0.0,False,,,,,44,,,,,,False,False,False,0,Kimi Antonelli
202507,,,2025,,Emilia-Romagna,,Kick Sauber Ferrari,14,14.0,1:16.340,1:16.260,,,,,,,,,,,,,,,0.0,False,,,,,63,,,,,18.0,False,False,True,0,Gabriel Bortoleto
202507,,,2025,,Emilia-Romagna,,Racing Bulls Honda RBPT,15,16.0,1:16.379,,,,,,,,,,,,,,,,0.0,False,,,,,63,,,,,14.0,False,False,True,0,Liam Lawson
202507,,,2025,,Emilia-Romagna,,Alpine Renault,16,15.0,1:16.256,,,,,,,,,,,,,,,,0.0,False,,,,,63,,,,,16.0,False,False,True,0,Franco Colapinto
202507,,,2025,,Emilia-Romagna,,Kick Sauber Ferrari,17,17.0,1:16.518,,,,,,,,,,,,,,,,0.0,False,,,,,63,,,,,12.0,False,False,True,0,Nico Hulkenberg
202507,,,2025,,Emilia-Romagna,,Haas Ferrari,18,18.0,1:16.613,,,,,,,,,,,,,,,,0.0,False,,,,,27,,,,,,False,False,False,0,Esteban Ocon
202507,,,2025,,Emilia-Romagna,,Haas Ferrari,19,19.0,1:16.918,,,,,,,,,,,,,,,,0.0,False,,,,,63,,,,,17.0,False,False,True,0,Oliver Bearman
202507,,,2025,,Emilia-Romagna,,Red Bull Racing Honda RBPT,20,,DNF,,,,,,,,,,,,,,,,0.0,False,,,,,63,,,,,10.0,False,False,True,1,Yuki Tsunoda
202508,,,2025,,Monaco,,McLaren Mercedes,1,1.0,1:11.285,1:10.570,1:09.954,,,,,,,,,,,,,,0.0,False,,,,,78,,,,,1.0,True,True,True,25,Lando Norris
202508,,,2025,,Monaco,,Ferrari,2,2.0,1:11.229,1:10.581,1:10.063,,,,,,,,,,,,,,0.0,False,,,,,78,,,,,2.0,False,True,True,18,Charles Leclerc
202508,,,2025,,Monaco,,McLaren Mercedes,3,3.0,1:11.308,1:10.858,1:10.129,,,,,,,,,,,,,,0.0,False,,,,,78,,,,,3.0,False,True,True,15,Oscar Piastri
202508,,,2025,,Monaco,,Red Bull Racing Honda RBPT,4,5.0,1:11.431,1:10.875,1:10.669,,,,,,,,,,,,,,0.0,False,,,,,78,,,,,4.0,False,False,True,12,Max Verstappen
202508,,,2025,,Monaco,,Racing Bulls Honda RBPT,5,6.0,1:11.811,1:11.040,1:10.923,,,,,,,,,,,,,,0.0,False,,,,,77,,,,,6.0,False,False,True,8,Isack Hadjar
202508,,,2025,,Monaco,,Aston Martin Aramco Mercedes,6,7.0,1:11.674,1:11.182,1:10.924,,,,,,,,,,,,,,0.0,False,,,,,36,,,,,,False,False,False,0,Fernando Alonso
202508,,,2025,,Monaco,,Ferrari,7,4.0,1:11.575,1:10.883,1:10.382,,,,,,,,,,,,,,0.0,False,,,,,78,,,,,5.0,False,False,True,10,Lewis Hamilton
202508,,,2025,,Monaco,,Haas Ferrari,8,8.0,1:11.839,1:11.262,1:10.942,,,,,,,,,,,,,,0.0,False,,,,,77,,,,,7.0,False,False,True,6,Esteban Ocon
202508,,,2025,,Monaco,,Racing Bulls Honda RBPT,9,9.0,1:11.818,1:11.250,1:11.129,,,,,,,,,,,,,,0.0,False,,,,,77,,,,,8.0,False,False,True,4,Liam Lawson
202508,,,2025,,Monaco,,Williams Mercedes,10,10.0,1:11.629,1:10.732,1:11.213,,,,,,,,,,,,,,0.0,False,,,,,76,,,,,9.0,False,False,True,2,Alexander Albon
202508,,,2025,,Monaco,,Williams Mercedes,11,11.0,1:11.707,1:11.362,,,,,,,,,,,,,,,0.0,False,,,,,76,,,,,10.0,False,False,True,1,Carlos Sainz
202508,,,2025,,Monaco,,Red Bull Racing Honda RBPT,12,12.0,1:11.800,1:11.415,,,,,,,,,,,,,,,0.0,False,,,,,76,,,,,17.0,False,False,True,0,Yuki Tsunoda
202508,,,2025,,Monaco,,Kick Sauber Ferrari,13,13.0,1:11.871,1:11.596,,,,,,,,,,,,,,,0.0,False,,,,,76,,,,,16.0,False,False,True,0,Nico Hulkenberg
202508,,,2025,,Monaco,,Mercedes,14,14.0,1:11.507,DNF,,,,,,,,,,,,,,,0.0,False,,,,,76,,,,,11.0,False,False,True,0,George Russell
202508,,,2025,,Monaco,,Mercedes,15,15.0,1:11.880,,,,,,,,,,,,,,,,0.0,False,,,,,75,,,,,18.0,False,False,True,0,Kimi Antonelli
202508,,,2025,,Monaco,,Kick Sauber Ferrari,16,16.0,1:11.902,,,,,,,,,,,,,,,,0.0,False,,,,,76,,,,,14.0,False,False,True,0,Gabriel Bortoleto
202508,,,2025,,Monaco,,Alpine Renault,17,18.0,1:11.994,,,,,,,,,,,,,,,,0.0,False,,,,,7,,,,,,False,False,False,0,Pierre Gasly
202508,,,2025,,Monaco,,Alpine Renault,18,20.0,1:12.597,,,,,,,,,,,,,,,,0.0,False,,,,,76,,,,,13.0,False,False,True,0,Franco Colapinto
202508,,,2025,,Monaco,,Aston Martin Aramco Mercedes,19,19.0,1:12.563,,,,,,,,,,,,,,,,0.0,False,,,,,76,,,,,15.0,False,False,True,0,Lance Stroll
202508,,,2025,,Monaco,,Haas Ferrari,20,17.0,1:11.979,,,,,,,,,,,,,,,,0.0,False,,,,,76,,,,,12.0,False,False,True,0,Oliver Bearman
202509,,,2025,,Spain,,McLaren Mercedes,1,1.0,1:12.591,1:11.998,1:11.546,,,,,,,,,,,,,,0.0,False,,,,,66,,,,,1.0,True,True,True,25,Oscar Piastri
202509,,,2025,,Spain,,McLaren Mercedes,2,2.0,1:12.799,1:12.056,1:11.755,,,,,,,,,,,,,,0.0,False,,,,,66,,,,,2.0,False,True,True,18,Lando Norris
202509,,,2025,,Spain,,Red Bull Racing Honda RBPT,3,3.0,1:12.798,1:12.358,1:11.848,,,,,,,,,,,,,,0.0,False,,,,,66,,,,,10.0,False,False,True,1,Max Verstappen
202509,,,2025,,Spain,,Mercedes,4,4.0,1:12.806,1:12.407,1:11.848,,,,,,,,,,,,,,0.0,False,,,,,66,,,,,4.0,False,False,True,12,George Russell
202509,,,2025,,Spain,,Ferrari,5,5.0,1:13.058,1:12.447,1:12.045,,,,,,,,,,,,,,0.0,False,,,,,66,,,,,6.0,False,False,True,8,Lewis Hamilton
202509,,,2025,,Spain,,Mercedes,6,6.0,1:12.815,1:12.585,1:12.111,,,,,,,,,,,,,,0.0,False,,,,,53,,,,,,False,False,False,0,Kimi Antonelli
202509,,,2025,,Spain,,Ferrari,7,7.0,1:13.014,1:12.495,1:12.131,,,,,,,,,,,,,,0.0,False,,,,,66,,,,,3.0,False,True,True,15,Charles Leclerc
202509,,,2025,,Spain,,Alpine Renault,8,8.0,1:13.081,1:12.611,1:12.199,,,,,,,,,,,,,,0.0,False,,,,,66,,,,,8.0,False,False,True,4,Pierre Gasly
202509,,,2025,,Spain,,Racing Bulls Honda RBPT,9,9.0,1:13.139,1:12.461,1:12.252,,,,,,,,,,,,,,0.0,False,,,,,66,,,,,7.0,False,False,True,6,Isack Hadjar
202509,,,2025,,Spain,,Aston Martin Aramco Mercedes,10,10.0,1:13.102,1:12.523,1:12.284,,,,,,,,,,,,,,0.0,False,,,,,66,,,,,9.0,False,False,True,2,Fernando Alonso
202509,,,2025,,Spain,,Williams Mercedes,11,11.0,1:13.044,1:12.641,,,,,,,,,,,,,,,0.0,False,,,,,27,,,,,,False,False,False,0,Alexander Albon
202509,,,2025,,Spain,,Kick Sauber Ferrari,12,12.0,1:13.045,1:12.756,,,,,,,,,,,,,,,0.0,False,,,,,66,,,,,12.0,False,False,True,0,Gabriel Bortoleto
202509,,,2025,,Spain,,Racing Bulls Honda RBPT,13,13.0,1:13.039,1:12.763,,,,,,,,,,,,,,,0.0,False,,,,,66,,,,,11.0,False,False,True,0,Liam Lawson
202509,,,2025,,Spain,,Haas Ferrari,14,15.0,1:13.074,1:13.315,,,,,,,,,,,,,,,0.0,False,,,,,66,,,,,17.0,False,False,True,0,Oliver Bearman
202509,,,2025,,Spain,,Kick Sauber Ferrari,15,16.0,1:13.190,,,,,,,,,,,,,,,,0.0,False,,,,,66,,,,,5.0,False,False,True,10,Nico Hulkenberg
202509,,,2025,,Spain,,Haas Ferrari,16,17.0,1:13.201,,,,,,,,,,,,,,,,0.0,False,,,,,66,,,,,16.0,False,False,True,0,Esteban Ocon
202509,,,2025,,Spain,,Williams Mercedes,17,18.0,1:13.203,,,,,,,,,,,,,,,,0.0,False,,,,,66,,,,,14.0,False,False,True,0,Carlos Sainz
202509,,,2025,,Spain,,Alpine Renault,18,19.0,1:13.334,,,,,,,,,,,,,,,,0.0,False,,,,,66,,,,,15.0,False,False,True,0,Franco Colapinto
202509,,,2025,,Spain,,Red Bull Racing Honda RBPT,19,20.0,1:13.385,,,,,,,,,,,,,,,,0.0,False,,,,,66,,,,,13.0,False,False,True,0,Yuki Tsunoda
202510,,,2025,,Canada,,Mercedes,1,1.0,1:12.075,1:11.570,1:10.899,,,,,,,,,,,,,,0.0,False,,,,,70,,,,,1.0,True,True,True,25,George Russell
202510,,,2025,,Canada,,Red Bull Racing Honda RBPT,2,2.0,1:12.054,1:11.638,1:11.059,,,,,,,,,,,,,,0.0,False,,,,,70,,,,,2.0,False,True,True,18,Max Verstappen
202510,,,2025,,Canada,,McLaren Mercedes,3,3.0,1:11.939,1:11.715,1:11.120,,,,,,,,,,,,,,0.0,False,,,,,70,,,,,4.0,False,False,True,12,Oscar Piastri
202510,,,2025,,Canada,,Mercedes,4,4.0,1:12.279,1:11.974,1:11.391,,,,,,,,,,,,,,0.0,False,,,,,70,,,,,3.0,False,True,True,15,Kimi Antonelli
202510,,,2025,,Canada,,Ferrari,5,5.0,1:11.952,1:11.885,1:11.526,,,,,,,,,,,,,,0.0,False,,,,,70,,,,,6.0,False,False,True,8,Lewis Hamilton
202510,,,2025,,Canada,,Aston Martin Aramco Mercedes,6,6.0,1:12.073,1:11.805,1:11.586,,,,,,,,,,,,,,0.0,False,,,,,70,,,,,7.0,False,False,True,6,Fernando Alonso
202510,,,2025,,Canada,,McLaren Mercedes,7,7.0,1:11.826,1:11.599,1:11.625,,,,,,,,,,,,,,0.0,False,,,,,66,,,,,18.0,False,False,False,0,Lando Norris
202510,,,2025,,Canada,,Ferrari,8,8.0,1:12.038,1:11.626,1:11.682,,,,,,,,,,,,,,0.0,False,,,,,70,,,,,5.0,False,False,True,10,Charles Leclerc
202510,,,2025,,Canada,,Williams Mercedes,9,10.0,1:12.090,1:11.892,1:11.907,,,,,,,,,,,,,,0.0,False,,,,,46,,,,,,False,False,False,0,Alexander Albon
202510,,,2025,,Canada,,Alpine Renault,10,12.0,1:12.234,1:12.142,,,,,,,,,,,,,,,0.0,False,,,,,69,,,,,13.0,False,False,True,0,Franco Colapinto
202510,,,2025,,Canada,,Kick Sauber Ferrari,11,13.0,1:12.323,1:12.183,,,,,,,,,,,,,,,0.0,False,,,,,70,,,,,8.0,False,False,True,4,Nico Hulkenberg
202510,,,2025,,Canada,,Racing Bulls Honda RBPT,12,9.0,1:12.211,1:12.003,1:11.867,,,,,,,,,,,,,,0.0,False,,,,,69,,,,,16.0,False,False,True,0,Isack Hadjar
202510,,,2025,,Canada,,Haas Ferrari,13,14.0,1:12.306,1:12.340,,,,,,,,,,,,,,,0.0,False,,,,,69,,,,,11.0,False,False,True,0,Oliver Bearman
202510,,,2025,,Canada,,Haas Ferrari,14,15.0,1:12.378,1:12.634,,,,,,,,,,,,,,,0.0,False,,,,,69,,,,,9.0,False,False,True,2,Esteban Ocon
202510,,,2025,,Canada,,Kick Sauber Ferrari,15,16.0,1:12.385,,,,,,,,,,,,,,,,0.0,False,,,,,69,,,,,14.0,False,False,True,0,Gabriel Bortoleto
202510,,,2025,,Canada,,Williams Mercedes,16,17.0,1:12.398,,,,,,,,,,,,,,,,0.0,False,,,,,69,,,,,10.0,False,False,True,1,Carlos Sainz
202510,,,2025,,Canada,,Aston Martin Aramco Mercedes,17,18.0,1:12.517,,,,,,,,,,,,,,,,0.0,False,,,,,69,,,,,17.0,False,False,True,0,Lance Stroll
202510,,,2025,,Canada,,Red Bull Racing Honda RBPT,18,11.0,1:12.334,1:12.102,,,,,,,,,,,,,,,0.0,False,,,,,69,,,,,12.0,False,False,True,0,Yuki Tsunoda
202510,,,2025,,Canada,,Racing Bulls Honda RBPT,19,19.0,1:12.525,,,,,,,,,,,,,,,,0.0,False,,,,,53,,,,,,False,False,False,0,Liam Lawson
202510,,,2025,,Canada,,Alpine Renault,20,20.0,1:12.667,,,,,,,,,,,,,,,,0.0,False,,,,,69,,,,,15.0,False,False,True,0,Pierre Gasly
202511,,,2025,,Austria,,McLaren Mercedes,1,1.0,1:04.672,1:04.410,1:03.971,,,,,,,,,,,,,,0.0,False,,,,,70,,,,,1.0,True,True,True,25,Lando Norris
202511,,,2025,,Austria,,Ferrari,2,2.0,1:05.197,1:04.734,1:04.492,,,,,,,,,,,,,,0.0,False,,,,,70,,,,,3.0,False,True,True,15,Charles Leclerc
202511,,,2025,,Austria,,McLaren Mercedes,3,3.0,1:04.966,1:04.556,1:04.554,,,,,,,,,,,,,,0.0,False,,,,,70,,,,,2.0,False,True,True,18,Oscar Piastri
202511,,,2025,,Austria,,Ferrari,4,4.0,1:05.115,1:04.896,1:04.582,,,,,,,,,,,,,,0.0,False,,,,,70,,,,,4.0,False,False,True,12,Lewis Hamilton
202511,,,2025,,Austria,,Mercedes,5,5.0,1:05.189,1:04.860,1:04.763,,,,,,,,,,,,,,0.0,False,,,,,70,,,,,5.0,False,False,True,10,George Russell
202511,,,2025,,Austria,,Racing Bulls Honda RBPT,6,6.0,1:05.017,1:05.041,1:04.926,,,,,,,,,,,,,,0.0,False,,,,,70,,,,,6.0,False,False,True,8,Liam Lawson
202511,,,2025,,Austria,,Red Bull Racing Honda RBPT,7,7.0,1:05.106,1:04.836,1:04.929,,,,,,,,,,,,,,0.0,False,,,,,0,,,,,,False,False,False,0,Max Verstappen
202511,,,2025,,Austria,,Kick Sauber Ferrari,8,8.0,1:05.123,1:04.846,1:05.132,,,,,,,,,,,,,,0.0,False,,,,,69,,,,,8.0,False,False,True,4,Gabriel Bortoleto
202511,,,2025,,Austria,,Mercedes,9,9.0,1:05.178,1:05.052,1:05.276,,,,,,,,,,,,,,0.0,False,,,,,0,,,,,,False,False,False,0,Kimi Antonelli
202511,,,2025,,Austria,,Alpine Renault,10,10.0,1:05.054,1:04.846,1:05.649,,,,,,,,,,,,,,0.0,False,,,,,69,,,,,13.0,False,False,True,0,Pierre Gasly
202511,,,2025,,Austria,,Aston Martin Aramco Mercedes,11,11.0,1:05.197,1:05.128,,,,,,,,,,,,,,,0.0,False,,,,,69,,,,,7.0,False,False,True,6,Fernando Alonso
202511,,,2025,,Austria,,Williams Mercedes,12,12.0,1:05.143,1:05.205,,,,,,,,,,,,,,,0.0,False,,,,,15,,,,,,False,False,False,0,Alexander Albon
202511,,,2025,,Austria,,Racing Bulls Honda RBPT,13,13.0,1:05.063,1:05.226,,,,,,,,,,,,,,,0.0,False,,,,,69,,,,,12.0,False,False,True,0,Isack Hadjar
202511,,,2025,,Austria,,Alpine Renault,14,14.0,1:05.278,1:05.288,,,,,,,,,,,,,,,0.0,False,,,,,69,,,,,15.0,False,False,True,0,Franco Colapinto
202511,,,2025,,Austria,,Haas Ferrari,15,15.0,1:05.218,1:05.312,,,,,,,,,,,,,,,0.0,False,,,,,69,,,,,11.0,False,False,True,0,Oliver Bearman
202511,,,2025,,Austria,,Aston Martin Aramco Mercedes,16,16.0,1:05.329,,,,,,,,,,,,,,,,0.0,False,,,,,69,,,,,14.0,False,False,True,0,Lance Stroll
202511,,,2025,,Austria,,Haas Ferrari,17,17.0,1:05.364,,,,,,,,,,,,,,,,0.0,False,,,,,69,,,,,10.0,False,False,True,1,Esteban Ocon
202511,,,2025,,Austria,,Red Bull Racing Honda RBPT,18,18.0,1:05.369,,,,,,,,,,,,,,,,0.0,False,,,,,68,,,,,16.0,False,False,True,0,Yuki Tsunoda
202511,,,2025,,Austria,,Williams Mercedes,19,19.0,1:05.582,,,,,,,,,,,,,,,,0.0,False,,,,,0,,,,,,False,False,False,0,Carlos Sainz
202511,,,2025,,Austria,,Kick Sauber Ferrari,20,20.0,1:05.606,,,,,,,,,,,,,,,,0.0,False,,,,,69,,,,,9.0,False,False,True,2,Nico Hulkenberg
202512,,,2025,,Great Britain,,Red Bull Racing Honda RBPT,1,1.0,1:25.886,1:25.316,1:24.892,,,,,,,,,,,,,,0.0,False,,,,,52,,,,,5.0,False,False,True,10,Max Verstappen
202512,,,2025,,Great Britain,,McLaren Mercedes,2,2.0,1:25.963,1:25.316,1:24.995,,,,,,,,,,,,,,0.0,False,,,,,52,,,,,2.0,False,True,True,18,Oscar Piastri
202512,,,2025,,Great Britain,,McLaren Mercedes,3,3.0,1:26.123,1:25.231,1:25.010,,,,,,,,,,,,,,0.0,False,,,,,52,,,,,1.0,True,True,True,25,Lando Norris
202512,,,2025,,Great Britain,,Mercedes,4,4.0,1:26.236,1:25.637,1:25.029,,,,,,,,,,,,,,0.0,False,,,,,52,,,,,10.0,False,False,True,1,George Russell
202512,,,2025,,Great Britain,,Ferrari,5,5.0,1:26.296,1:25.084,1:25.095,,,,,,,,,,,,,,0.0,False,,,,,52,,,,,4.0,False,False,True,12,Lewis Hamilton
202512,,,2025,,Great Britain,,Ferrari,6,6.0,1:26.186,1:25.133,1:25.121,,,,,,,,,,,,,,0.0,False,,,,,52,,,,,14.0,False,False,True,0,Charles Leclerc
202512,,,2025,,Great Britain,,Aston Martin Aramco Mercedes,7,9.0,1:26.108,1:25.593,1:25.621,,,,,,,,,,,,,,0.0,False,,,,,52,,,,,9.0,False,False,True,2,Fernando Alonso
202512,,,2025,,Great Britain,,Alpine Renault,8,10.0,1:26.328,1:25.711,1:25.785,,,,,,,,,,,,,,0.0,False,,,,,52,,,,,6.0,False,False,True,8,Pierre Gasly
202512,,,2025,,Great Britain,,Williams Mercedes,9,11.0,1:26.175,1:25.746,,,,,,,,,,,,,,,0.0,False,,,,,52,,,,,12.0,False,False,True,0,Carlos Sainz
202512,,,2025,,Great Britain,,Mercedes,10,7.0,1:26.265,1:25.620,1:25.374,,,,,,,,,,,,,,0.0,False,,,,,23,,,,,,False,False,False,0,Kimi Antonelli
202512,,,2025,,Great Britain,,Red Bull Racing Honda RBPT,11,12.0,1:26.275,1:25.826,,,,,,,,,,,,,,,0.0,False,,,,,51,,,,,15.0,False,False,True,0,Yuki Tsunoda
202512,,,2025,,Great Britain,,Racing Bulls Honda RBPT,12,13.0,1:26.177,1:25.864,,,,,,,,,,,,,,,0.0,False,,,,,17,,,,,,False,False,False,0,Isack Hadjar
202512,,,2025,,Great Britain,,Williams Mercedes,13,14.0,1:26.093,1:25.889,,,,,,,,,,,,,,,0.0,False,,,,,52,,,,,8.0,False,False,True,4,Alexander Albon
202512,,,2025,,Great Britain,,Haas Ferrari,14,15.0,1:26.136,1:25.950,,,,,,,,,,,,,,,0.0,False,,,,,52,,,,,13.0,False,False,True,0,Esteban Ocon
202512,,,2025,,Great Britain,,Racing Bulls Honda RBPT,15,16.0,1:26.440,,,,,,,,,,,,,,,,0.0,False,,,,,0,,,,,,False,False,False,0,Liam Lawson
202512,,,2025,,Great Britain,,Kick Sauber Ferrari,16,17.0,1:26.446,,,,,,,,,,,,,,,,0.0,False,,,,,3,,,,,,False,False,False,0,Gabriel Bortoleto
202512,,,2025,,Great Britain,,Aston Martin Aramco Mercedes,17,18.0,1:26.504,,,,,,,,,,,,,,,,0.0,False,,,,,52,,,,,7.0,False,False,True,6,Lance Stroll
202512,,,2025,,Great Britain,,Haas Ferrari,18,8.0,1:26.005,1:25.534,1:25.471,,,,,,,,,,,,,,0.0,False,,,,,52,,,,,11.0,False,False,True,0,Oliver Bearman
202512,,,2025,,Great Britain,,Kick Sauber Ferrari,19,19.0,1:26.574,,,,,,,,,,,,,,,,0.0,False,,,,,52,,,,,3.0,False,True,True,15,Nico Hulkenberg
202512,,,2025,,Great Britain,,Alpine Renault,20,20.0,1:27.060,,,,,,,,,,,,,,,,0.0,False,,,,,0,,,,,,False,False,False,0,Franco Colapinto
202513,,,2025,,Belgium,,McLaren Mercedes,1,1.0,1:41.010,1:40.715,1:40.562,,,,,,,,,,,,,3.0,6.0,True,,,,,44,,,,,2.0,False,True,True,18,Lando Norris
202513,,,2025,,Belgium,,McLaren Mercedes,2,2.0,1:41.201,1:40.626,1:40.647,,,,,,,,,,,,,2.0,7.0,True,,,,,44,,,,,1.0,True,True,True,25,Oscar Piastri
202513,,,2025,,Belgium,,Ferrari,3,3.0,1:41.635,1:41.084,1:40.900,,,,,,,,,,,,,4.0,5.0,False,,,,,44,,,,,3.0,False,True,True,15,Charles Leclerc
202513,,,2025,,Belgium,,Red Bull Racing Honda RBPT,4,4.0,1:41.334,1:40.951,1:40.903,,,,,,,,,,,,,1.0,8.0,True,,,,,44,,,,,4.0,False,False,True,12,Max Verstappen
202513,,,2025,,Belgium,,Williams Mercedes,5,5.0,1:41.772,1:41.505,1:41.201,,,,,,,,,,,,,16.0,0.0,False,,,,,44,,,,,6.0,False,False,True,8,Alexander Albon
202513,,,2025,,Belgium,,Mercedes,6,6.0,1:41.784,1:41.254,1:41.260,,,,,,,,,,,,,12.0,0.0,False,,,,,44,,,,,5.0,False,False,True,10,George Russell
202513,,,2025,,Belgium,,Red Bull Racing Honda RBPT,7,7.0,1:41.840,1:41.245,1:41.284,,,,,,,,,,,,,11.0,0.0,False,,,,,44,,,,,13.0,False,False,True,0,Yuki Tsunoda
202513,,,2025,,Belgium,,Racing Bulls Honda RBPT,8,8.0,1:41.572,1:41.281,1:41.310,,,,,,,,,,,,,8.0,1.0,False,,,,,43,,,,,20.0,False,False,True,0,Isack Hadjar
202513,,,2025,,Belgium,,Racing Bulls Honda RBPT,9,9.0,1:41.748,1:41.297,1:41.328,,,,,,,,,,,,,10.0,0.0,False,,,,,44,,,,,8.0,False,False,True,4,Liam Lawson
202513,,,2025,,Belgium,,Kick Sauber Ferrari,10,10.0,1:41.908,1:41.336,1:42.387,,,,,,,,,,,,,9.0,0.0,False,,,,,44,,,,,9.0,False,False,True,2,Gabriel Bortoleto
202513,,,2025,,Belgium,,Haas Ferrari,11,11.0,1:41.884,1:41.525,,,,,,,,,,,,,,5.0,4.0,False,,,,,44,,,,,15.0,False,False,True,0,Esteban Ocon
202513,,,2025,,Belgium,,Haas Ferrari,12,12.0,1:41.617,1:41.617,,,,,,,,,,,,,,7.0,2.0,False,,,,,44,,,,,11.0,False,False,True,0,Oliver Bearman
202513,,,2025,,Belgium,,Alpine Renault,13,13.0,1:41.800,1:41.633,,,,,,,,,,,,,,,0.0,False,,,,,44,,,,,10.0,False,False,True,1,Pierre Gasly
202513,,,2025,,Belgium,,Kick Sauber Ferrari,14,14.0,1:41.844,1:41.707,,,,,,,,,,,,,,18.0,0.0,False,,,,,44,,,,,12.0,False,False,True,0,Nico Hulkenberg
202513,,,2025,,Belgium,,Alpine Renault,15,17.0,1:42.022,,,,,,,,,,,,,,,19.0,0.0,False,,,,,44,,,,,19.0,False,False,True,0,Franco Colapinto
202513,,,2025,,Belgium,,Aston Martin Aramco Mercedes,16,20.0,1:42.502,,,,,,,,,,,,,,,13.0,0.0,False,,,,,44,,,,,14.0,False,False,True,0,Lance Stroll
202513,,,2025,,Belgium,,Williams Mercedes,17,15.0,1:41.691,1:41.758,,,,,,,,,,,,,,6.0,3.0,False,,,,,44,,,,,18.0,False,False,True,0,Carlos Sainz
202513,,,2025,,Belgium,,Ferrari,18,16.0,1:41.939,,,,,,,,,,,,,,,15.0,0.0,False,,,,,44,,,,,7.0,False,False,True,6,Lewis Hamilton
202513,,,2025,,Belgium,,Mercedes,19,18.0,1:42.139,,,,,,,,,,,,,,,17.0,0.0,False,,,,,44,,,,,16.0,False,False,True,0,Kimi Antonelli
202513,,,2025,,Belgium,,Aston Martin Aramco Mercedes,20,19.0,1:42.385,,,,,,,,,,,,,,,14.0,0.0,False,,,,,44,,,,,17.0,False,False,True,0,Fernando Alonso
202514,,,2025,,Hungary,,Ferrari,1,1.0,1:15.582,1:15.455,1:15.372,,,,,,,,,,,,,,0.0,False,,,,,70,,,,,4.0,False,False,True,12,Charles Leclerc
202514,,,2025,,Hungary,,McLaren Mercedes,2,2.0,1:15.211,1:14.941,1:15.398,,,,,,,,,,,,,,0.0,False,,,,,70,,,,,2.0,False,True,True,18,Oscar Piastri
202514,,,2025,,Hungary,,McLaren Mercedes,3,3.0,1:15.523,1:14.890,1:15.413,,,,,,,,,,,,,,0.0,False,,,,,70,,,,,1.0,True,True,True,25,Lando Norris
202514,,,2025,,Hungary,,Mercedes,4,4.0,1:15.627,1:15.201,1:15.425,,,,,,,,,,,,,,0.0,False,,,,,70,,,,,3.0,False,True,True,15,George Russell
202514,,,2025,,Hungary,,Aston Martin Aramco Mercedes,5,5.0,1:15.281,1:15.395,1:15.481,,,,,,,,,,,,,,0.0,False,,,,,70,,,,,5.0,False,False,True,10,Fernando Alonso
202514,,,2025,,Hungary,,Aston Martin Aramco Mercedes,6,6.0,1:15.673,1:15.129,1:15.498,,,,,,,,,,,,,,0.0,False,,,,,70,,,,,7.0,False,False,True,6,Lance Stroll
202514,,,2025,,Hungary,,Kick Sauber Ferrari,7,7.0,1:15.586,1:15.687,1:15.725,,,,,,,,,,,,,,0.0,False,,,,,70,,,,,6.0,False,False,True,8,Gabriel Bortoleto
202514,,,2025,,Hungary,,Red Bull Racing Honda RBPT,8,8.0,1:15.736,1:15.547,1:15.728,,,,,,,,,,,,,,0.0,False,,,,,70,,,,,9.0,False,False,True,2,Max Verstappen
202514,,,2025,,Hungary,,Racing Bulls Honda RBPT,9,9.0,1:15.849,1:15.630,1:15.821,,,,,,,,,,,,,,0.0,False,,,,,70,,,,,8.0,False,False,True,4,Liam Lawson
202514,,,2025,,Hungary,,Racing Bulls Honda RBPT,10,10.0,1:15.516,1:15.469,1:15.915,,,,,,,,,,,,,,0.0,False,,,,,69,,,,,11.0,False,False,True,0,Isack Hadjar
202514,,,2025,,Hungary,,Haas Ferrari,11,11.0,1:15.750,1:15.694,,,,,,,,,,,,,,,0.0,False,,,,,48,,,,,,False,False,False,0,Oliver Bearman
202514,,,2025,,Hungary,,Ferrari,12,12.0,1:15.733,1:15.702,,,,,,,,,,,,,,,0.0,False,,,,,69,,,,,12.0,False,False,True,0,Lewis Hamilton
202514,,,2025,,Hungary,,Williams Mercedes,13,13.0,1:15.652,1:15.781,,,,,,,,,,,,,,,0.0,False,,,,,69,,,,,14.0,False,False,True,0,Carlos Sainz
202514,,,2025,,Hungary,,Alpine Renault,14,14.0,1:15.875,1:16.159,,,,,,,,,,,,,,,0.0,False,,,,,69,,,,,18.0,False,False,True,0,Franco Colapinto
202514,,,2025,,Hungary,,Mercedes,15,15.0,1:15.782,1:16.386,,,,,,,,,,,,,,,0.0,False,,,,,69,,,,,10.0,False,False,True,1,Kimi Antonelli
202514,,,2025,,Hungary,,Alpine Renault,16,17.0,1:15.966,,,,,,,,,,,,,,,,0.0,False,,,,,69,,,,,19.0,False,False,True,0,Pierre Gasly
202514,,,2025,,Hungary,,Haas Ferrari,17,18.0,1:16.023,,,,,,,,,,,,,,,,0.0,False,,,,,69,,,,,16.0,False,False,True,0,Esteban Ocon
202514,,,2025,,Hungary,,Kick Sauber Ferrari,18,19.0,1:16.081,,,,,,,,,,,,,,,,0.0,False,,,,,69,,,,,13.0,False,False,True,0,Nico Hulkenberg
202514,,,2025,,Hungary,,Williams Mercedes,19,20.0,1:16.223,,,,,,,,,,,,,,,,0.0,False,,,,,69,,,,,15.0,False,False,True,0,Alexander Albon
202514,,,2025,,Hungary,,Red Bull Racing Honda RBPT,20,16.0,1:15.899,,,,,,,,,,,,,,,,0.0,False,,,,,69,,,,,17.0,False,False,True,0,Yuki Tsunoda
202515,,,2025,,Netherlands,,McLaren Mercedes,1,1.0,1:09.338,1:08.964,1:08.662,,,,,,,,,,,,,,0.0,False,,,,,72,,,,,1.0,True,True,True,25,Oscar Piastri
202515,,,2025,,Netherlands,,McLaren Mercedes,2,2.0,1:09.469,1:08.874,1:08.674,,,,,,,,,,,,,,0.0,False,,,,,64,,,,,18.0,False,False,False,0,Lando Norris
202515,,,2025,,Netherlands,,Red Bull Racing Honda RBPT,3,3.0,1:09.696,1:09.122,1:08.925,,,,,,,,,,,,,,0.0,False,,,,,72,,,,,2.0,False,True,True,18,Max Verstappen
202515,,,2025,,Netherlands,,Racing Bulls Honda RBPT,4,4.0,1:09.966,1:09.439,1:09.208,,,,,,,,,,,,,,0.0,False,,,,,72,,,,,3.0,False,True,True,15,Isack Hadjar
202515,,,2025,,Netherlands,,Mercedes,5,5.0,1:09.676,1:09.313,1:09.255,,,,,,,,,,,,,,0.0,False,,,,,72,,,,,4.0,False,False,True,12,George Russell
202515,,,2025,,Netherlands,,Ferrari,6,6.0,1:09.906,1:09.304,1:09.340,,,,,,,,,,,,,,0.0,False,,,,,52,,,,,,False,False,False,0,Charles Leclerc
202515,,,2025,,Netherlands,,Ferrari,7,7.0,1:09.900,1:09.261,1:09.390,,,,,,,,,,,,,,0.0,False,,,,,22,,,,,,False,False,False,0,Lewis Hamilton
202515,,,2025,,Netherlands,,Racing Bulls Honda RBPT,8,8.0,1:09.779,1:09.383,1:09.500,,,,,,,,,,,,,,0.0,False,,,,,72,,,,,12.0,False,False,True,0,Liam Lawson
202515,,,2025,,Netherlands,,Williams Mercedes,9,9.0,1:09.980,1:09.472,1:09.505,,,,,,,,,,,,,,0.0,False,,,,,72,,,,,13.0,False,False,True,0,Carlos Sainz
202515,,,2025,,Netherlands,,Aston Martin Aramco Mercedes,10,10.0,1:09.950,1:09.366,1:09.630,,,,,,,,,,,,,,0.0,False,,,,,72,,,,,8.0,False,False,True,4,Fernando Alonso
202515,,,2025,,Netherlands,,Mercedes,11,11.0,1:09.845,1:09.493,,,,,,,,,,,,,,,0.0,False,,,,,72,,,,,16.0,False,False,True,0,Kimi Antonelli
202515,,,2025,,Netherlands,,Red Bull Racing Honda RBPT,12,12.0,1:09.954,1:09.622,,,,,,,,,,,,,,,0.0,False,,,,,72,,,,,9.0,False,False,True,2,Yuki Tsunoda
202515,,,2025,,Netherlands,,Kick Sauber Ferrari,13,13.0,1:10.037,1:09.622,,,,,,,,,,,,,,,0.0,False,,,,,72,,,,,15.0,False,False,True,0,Gabriel Bortoleto
202515,,,2025,,Netherlands,,Alpine Renault,14,14.0,1:09.894,1:09.637,,,,,,,,,,,,,,,0.0,False,,,,,72,,,,,17.0,False,False,True,0,Pierre Gasly
202515,,,2025,,Netherlands,,Williams Mercedes,15,15.0,1:09.792,1:09.652,,,,,,,,,,,,,,,0.0,False,,,,,72,,,,,5.0,False,False,True,10,Alexander Albon
202515,,,2025,,Netherlands,,Alpine Renault,16,16.0,1:10.104,,,,,,,,,,,,,,,,0.0,False,,,,,72,,,,,11.0,False,False,True,0,Franco Colapinto
202515,,,2025,,Netherlands,,Kick Sauber Ferrari,17,17.0,1:10.195,,,,,,,,,,,,,,,,0.0,False,,,,,72,,,,,14.0,False,False,True,0,Nico Hulkenberg
202515,,,2025,,Netherlands,,Haas Ferrari,18,18.0,1:10.197,,,,,,,,,,,,,,,,0.0,False,,,,,72,,,,,10.0,False,False,True,1,Esteban Ocon
202515,,,2025,,Netherlands,,Aston Martin Aramco Mercedes,19,,DNF,,,,,,,,,,,,,,,,0.0,False,,,,,72,,,,,7.0,False,False,True,6,Lance Stroll
202515,,,2025,,Netherlands,,Haas Ferrari,20,19.0,1:10.262,,,,,,,,,,,,,,,,0.0,False,,,,,72,,,,,6.0,False,False,True,8,Oliver Bearman
202516,,,2025,,Italy,,Red Bull Racing Honda RBPT,1,1.0,1:19.455,1:19.140,1:18.792,,,,,,,,,,,,,,0.0,False,,,,,53,,,,,1.0,True,True,True,25,Max Verstappen
202516,,,2025,,Italy,,McLaren Mercedes,2,2.0,1:19.517,1:19.293,1:18.869,,,,,,,,,,,,,,0.0,False,,,,,53,,,,,2.0,False,True,True,18,Lando Norris
202516,,,2025,,Italy,,McLaren Mercedes,3,3.0,1:19.711,1:19.286,1:18.982,,,,,,,,,,,,,,0.0,False,,,,,53,,,,,3.0,False,True,True,15,Oscar Piastri
202516,,,2025,,Italy,,Ferrari,4,4.0,1:19.689,1:19.310,1:19.007,,,,,,,,,,,,,,0.0,False,,,,,53,,,,,4.0,False,False,True,12,Charles Leclerc
202516,,,2025,,Italy,,Mercedes,5,6.0,1:19.414,1:19.287,1:19.157,,,,,,,,,,,,,,0.0,False,,,,,53,,,,,5.0,False,False,True,10,George Russell
202516,,,2025,,Italy,,Mercedes,6,7.0,1:19.747,1:19.245,1:19.200,,,,,,,,,,,,,,0.0,False,,,,,53,,,,,9.0,False,False,True,2,Kimi Antonelli
202516,,,2025,,Italy,,Kick Sauber Ferrari,7,8.0,1:19.688,1:19.323,1:19.390,,,,,,,,,,,,,,0.0,False,,,,,53,,,,,8.0,False,False,True,4,Gabriel Bortoleto
202516,,,2025,,Italy,,Aston Martin Aramco Mercedes,8,9.0,1:19.658,1:19.362,1:19.424,,,,,,,,,,,,,,0.0,False,,,,,24,,,,,,False,False,False,0,Fernando Alonso
202516,,,2025,,Italy,,Red Bull Racing Honda RBPT,9,10.0,1:19.619,1:19.433,1:19.519,,,,,,,,,,,,,,0.0,False,,,,,53,,,,,13.0,False,False,True,0,Yuki Tsunoda
202516,,,2025,,Italy,,Ferrari,10,5.0,1:19.765,1:19.371,1:19.124,,,,,,,,,,,,,,0.0,False,,,,,53,,,,,6.0,False,False,True,8,Lewis Hamilton
202516,,,2025,,Italy,,Haas Ferrari,11,11.0,1:19.688,1:19.446,,,,,,,,,,,,,,,0.0,False,,,,,53,,,,,12.0,False,False,True,0,Oliver Bearman
202516,,,2025,,Italy,,Kick Sauber Ferrari,12,12.0,1:19.777,1:19.498,,,,,,,,,,,,,,,0.0,False,,,,,0,,,,,,False,False,False,0,Nico Hulkenberg
202516,,,2025,,Italy,,Williams Mercedes,13,13.0,1:19.644,1:19.528,,,,,,,,,,,,,,,0.0,False,,,,,53,,,,,11.0,False,False,True,0,Carlos Sainz
202516,,,2025,,Italy,,Williams Mercedes,14,14.0,1:19.837,1:19.583,,,,,,,,,,,,,,,0.0,False,,,,,53,,,,,7.0,False,False,True,6,Alexander Albon
202516,,,2025,,Italy,,Haas Ferrari,15,15.0,1:19.816,1:19.707,,,,,,,,,,,,,,,0.0,False,,,,,52,,,,,15.0,False,False,True,0,Esteban Ocon
202516,,,2025,,Italy,,Aston Martin Aramco Mercedes,16,17.0,1:19.948,,,,,,,,,,,,,,,,0.0,False,,,,,52,,,,,18.0,False,False,True,0,Lance Stroll
202516,,,2025,,Italy,,Alpine Renault,17,18.0,1:19.992,,,,,,,,,,,,,,,,0.0,False,,,,,52,,,,,17.0,False,False,True,0,Franco Colapinto
202516,,,2025,,Italy,,Racing Bulls Honda RBPT,18,20.0,1:20.279,,,,,,,,,,,,,,,,0.0,False,,,,,53,,,,,14.0,False,False,True,0,Liam Lawson
202516,,,2025,,Italy,,Racing Bulls Honda RBPT,19,16.0,1:19.917,,,,,,,,,,,,,,,,0.0,False,,,,,53,,,,,10.0,False,False,True,1,Isack Hadjar
202516,,,2025,,Italy,,Alpine Renault,20,19.0,1:20.103,,,,,,,,,,,,,,,,0.0,False,,,,,52,,,,,16.0,False,False,True,0,Pierre Gasly
202517,,,2025,,Azerbaijan,,Red Bull Racing Honda RBPT,1,1.0,1:41.331,1:41.255,1:41.117,,,,,,,,,,,,,,0.0,False,,,,,51,,,,,1.0,True,True,True,25,Max Verstappen
202517,,,2025,,Azerbaijan,,Williams Mercedes,2,2.0,1:42.635,1:41.675,1:41.595,,,,,,,,,,,,,,0.0,False,,,,,51,,,,,3.0,False,True,True,15,Carlos Sainz
202517,,,2025,,Azerbaijan,,Racing Bulls Honda RBPT,3,3.0,1:42.257,1:41.537,1:41.707,,,,,,,,,,,,,,0.0,False,,,,,51,,,,,5.0,False,False,True,10,Liam Lawson
202517,,,2025,,Azerbaijan,,Mercedes,4,4.0,1:42.247,1:41.464,1:41.717,,,,,,,,,,,,,,0.0,False,,,,,51,,,,,4.0,False,False,True,12,Kimi Antonelli
202517,,,2025,,Azerbaijan,,Mercedes,5,5.0,1:41.646,1:41.455,1:42.070,,,,,,,,,,,,,,0.0,False,,,,,51,,,,,2.0,False,True,True,18,George Russell
202517,,,2025,,Azerbaijan,,Red Bull Racing Honda RBPT,6,6.0,1:42.347,1:41.788,1:42.143,,,,,,,,,,,,,,0.0,False,,,,,51,,,,,6.0,False,False,True,8,Yuki Tsunoda
202517,,,2025,,Azerbaijan,,McLaren Mercedes,7,7.0,1:41.322,1:41.396,1:42.239,,,,,,,,,,,,,,0.0,False,,,,,51,,,,,7.0,False,False,True,6,Lando Norris
202517,,,2025,,Azerbaijan,,Racing Bulls Honda RBPT,8,8.0,1:41.656,1:41.647,1:42.372,,,,,,,,,,,,,,0.0,False,,,,,51,,,,,10.0,False,False,True,1,Isack Hadjar
202517,,,2025,,Azerbaijan,,McLaren Mercedes,9,9.0,1:41.839,1:41.414,DNF,,,,,,,,,,,,,,0.0,False,,,,,0,,,,,,False,False,False,0,Oscar Piastri
202517,,,2025,,Azerbaijan,,Ferrari,10,10.0,1:41.458,1:41.519,DNF,,,,,,,,,,,,,,0.0,False,,,,,51,,,,,9.0,False,False,True,2,Charles Leclerc
202517,,,2025,,Azerbaijan,,Aston Martin Aramco Mercedes,11,11.0,1:42:211,1:41.857,,,,,,,,,,,,,,,0.0,False,,,,,51,,,,,15.0,False,False,True,0,Fernando Alonso
202517,,,2025,,Azerbaijan,,Ferrari,12,12.0,1:41.821,1:42.183,,,,,,,,,,,,,,,0.0,False,,,,,51,,,,,8.0,False,False,True,4,Lewis Hamilton
202517,,,2025,,Azerbaijan,,Kick Sauber Ferrari,13,13.0,:1:42.511,1:42.277,,,,,,,,,,,,,,,0.0,False,,,,,51,,,,,11.0,False,False,True,0,Gabriel Bortoleto
202517,,,2025,,Azerbaijan,,Aston Martin Aramco Mercedes,14,14.0,1:42.101,1:43.061,,,,,,,,,,,,,,,0.0,False,,,,,51,,,,,17.0,False,False,True,0,Lance Stroll
202517,,,2025,,Azerbaijan,,Haas Ferrari,15,15.0,1:42.666,DNF,,,,,,,,,,,,,,,0.0,False,,,,,51,,,,,12.0,False,False,True,0,Oliver Bearman
202517,,,2025,,Azerbaijan,,Alpine Renault,16,16.0,1:42.779,,,,,,,,,,,,,,,,0.0,False,,,,,50,,,,,19.0,False,False,True,0,Franco Colapinto
202517,,,2025,,Azerbaijan,,Kick Sauber Ferrari,17,17.0,1:42.916,,,,,,,,,,,,,,,,0.0,False,,,,,51,,,,,16.0,False,False,True,0,Nico Hulkenberg
202517,,,2025,,Azerbaijan,,Alpine Renault,18,18.0,1:43.139,,,,,,,,,,,,,,,,0.0,False,,,,,50,,,,,18.0,False,False,True,0,Pierre Gasly
202517,,,2025,,Azerbaijan,,Williams Mercedes,19,19.0,1:43.778,,,,,,,,,,,,,,,,0.0,False,,,,,51,,,,,13.0,False,False,True,0,Alexander Albon
202517,,,2025,,Azerbaijan,,Haas Ferrari,20,,,,,,,,,,,,,,,,,,0.0,False,,,,,51,,,,,14.0,False,False,True,0,Esteban Ocon
202518,,,2025,,Singapore,,Mercedes,1,1.0,1:29.928,1:29.562,1:29.158,,,,,,,,,,,,,,0.0,False,,,,,62,,,,,1.0,True,True,True,25,George Russell
202518,,,2025,,Singapore,,Red Bull Racing Honda RBPT,2,2.0,1:30.028,1:29.572,1:29.340,,,,,,,,,,,,,,0.0,False,,,,,62,,,,,2.0,False,True,True,18,Max Verstappen
202518,,,2025,,Singapore,,McLaren Mercedes,3,3.0,1:30.313,1:29.813,1:29.524,,,,,,,,,,,,,,0.0,False,,,,,62,,,,,4.0,False,False,True,12,Oscar Piastri
202518,,,2025,,Singapore,,Mercedes,4,4.0,1:30.036,1:29.649,1:29.537,,,,,,,,,,,,,,0.0,False,,,,,62,,,,,5.0,False,False,True,10,Kimi Antonelli
202518,,,2025,,Singapore,,McLaren Mercedes,5,5.0,1:29.932,1:29.809,1:29.586,,,,,,,,,,,,,,0.0,False,,,,,62,,,,,3.0,False,True,True,15,Lando Norris
202518,,,2025,,Singapore,,Ferrari,6,6.0,1:29.765,1:29.936,1:29.688,,,,,,,,,,,,,,0.0,False,,,,,62,,,,,8.0,False,False,True,4,Lewis Hamilton
202518,,,2025,,Singapore,,Ferrari,7,7.0,1:30.370,1:29.914,1:29.784,,,,,,,,,,,,,,0.0,False,,,,,62,,,,,6.0,False,False,True,8,Charles Leclerc
202518,,,2025,,Singapore,,Racing Bulls Honda RBPT,8,8.0,1:30.214,1:30.016,1:29.846,,,,,,,,,,,,,,0.0,False,,,,,61,,,,,11.0,False,False,True,0,Isack Hadjar
202518,,,2025,,Singapore,,Haas Ferrari,9,9.0,1:30.420,1:30.076,1:29.868,,,,,,,,,,,,,,0.0,False,,,,,62,,,,,9.0,False,False,True,2,Oliver Bearman
202518,,,2025,,Singapore,,Aston Martin Aramco Mercedes,10,10.0,1:30.745,1:30.054,1:29.955,,,,,,,,,,,,,,0.0,False,,,,,62,,,,,7.0,False,False,True,6,Fernando Alonso
202518,,,2025,,Singapore,,Kick Sauber Ferrari,11,11.0,1:30.715,1:30.141,,,,,,,,,,,,,,,0.0,False,,,,,61,,,,,20.0,False,False,True,0,Nico Hulkenberg
202518,,,2025,,Singapore,,Racing Bulls Honda RBPT,12,12.0,1:30.681,1:30.320,,,,,,,,,,,,,,,0.0,False,,,,,61,,,,,15.0,False,False,True,0,Liam Lawson
202518,,,2025,,Singapore,,Red Bull Racing Honda RBPT,13,13.0,1:30.574,1:30.353,,,,,,,,,,,,,,,0.0,False,,,,,61,,,,,12.0,False,False,True,0,Yuki Tsunoda
202518,,,2025,,Singapore,,Kick Sauber Ferrari,14,14.0,1:30.820,,,,,,,,,,,,,,,,0.0,False,,,,,61,,,,,17.0,False,False,True,0,Gabriel Bortoleto
202518,,,2025,,Singapore,,Aston Martin Aramco Mercedes,15,15.0,1:30.949,,,,,,,,,,,,,,,,0.0,False,,,,,61,,,,,13.0,False,False,True,0,Lance Stroll
202518,,,2025,,Singapore,,Alpine Renault,16,16.0,1:30.982,,,,,,,,,,,,,,,,0.0,False,,,,,61,,,,,16.0,False,False,True,0,Franco Colapinto
202518,,,2025,,Singapore,,Haas Ferrari,17,17.0,1:30.989,,,,,,,,,,,,,,,,0.0,False,,,,,61,,,,,18.0,False,False,True,0,Esteban Ocon
202518,,,2025,,Singapore,,Williams Mercedes,18,,,1:30.225,,,,,,,,,,,,,,,0.0,False,,,,,62,,,,,10.0,False,False,True,1,Carlos Sainz
202518,,,2025,,Singapore,,Alpine Renault,19,18.0,1:31.261,,,,,,,,,,,,,,,,0.0,False,,,,,61,,,,,19.0,False,False,True,0,Pierre Gasly
202518,,,2025,,Singapore,,Williams Mercedes,20,,,1:30.202,,,,,,,,,,,,,,,0.0,False,,,,,61,,,,,14.0,False,False,True,0,Alexander Albon
202519,,,2025,,United States,,Red Bull Racing Honda RBPT,1,1.0,1:33.207,1:32.701,1:32.510,,,,,,,,,,,,,1.0,8.0,True,,,,,56,,,,,1.0,True,True,True,25,Max Verstappen
202519,,,2025,,United States,,McLaren Mercedes,2,2.0,1:33.843,1:32.876,1:32.801,,,,,,,,,,,,,,0.0,False,,,,,56,,,,,2.0,False,True,True,18,Lando Norris
202519,,,2025,,United States,,Ferrari,3,3.0,1:33.525,1:32.869,1:32.807,,,,,,,,,,,,,5.0,4.0,False,,,,,56,,,,,3.0,False,True,True,15,Charles Leclerc
202519,,,2025,,United States,,Mercedes,4,4.0,1:33.311,1:33.058,1:32.826,,,,,,,,,,,,,2.0,7.0,True,,,,,56,,,,,6.0,False,False,True,8,George Russell
202519,,,2025,,United States,,Ferrari,5,5.0,1:33.685,1:32.914,1:32.912,,,,,,,,,,,,,4.0,5.0,False,,,,,56,,,,,4.0,False,False,True,12,Lewis Hamilton
202519,,,2025,,United States,,McLaren Mercedes,6,6.0,1:33.746,1:33.288,1:33.084,,,,,,,,,,,,,,0.0,False,,,,,56,,,,,5.0,False,False,True,10,Oscar Piastri
202519,,,2025,,United States,,Mercedes,7,7.0,1:33.501,1:33.044,1:33.114,,,,,,,,,,,,,8.0,1.0,False,,,,,56,,,,,13.0,False,False,True,0,Kimi Antonelli
202519,,,2025,,United States,,Haas Ferrari,8,8.0,1:33.921,1:33.328,1:33.139,,,,,,,,,,,,,15.0,0.0,False,,,,,56,,,,,9.0,False,False,True,2,Oliver Bearman
202519,,,2025,,United States,,Williams Mercedes,9,9.0,1:33.739,1:33.124,1:33.150,,,,,,,,,,,,,3.0,6.0,True,,,,,5,,,,,,False,False,False,0,Carlos Sainz
202519,,,2025,,United States,,Aston Martin Aramco Mercedes,10,10.0,1:33.741,1:33.237,1:33.160,,,,,,,,,,,,,,0.0,False,,,,,56,,,,,10.0,False,False,True,1,Fernando Alonso
202519,,,2025,,United States,,Kick Sauber Ferrari,11,11.0,1:33.551,1:33.334,,,,,,,,,,,,,,13.0,0.0,False,,,,,56,,,,,8.0,False,False,True,4,Nico Hulkenberg
202519,,,2025,,United States,,Racing Bulls Honda RBPT,12,12.0,1:33.549,1:33.360,,,,,,,,,,,,,,9.0,0.0,False,,,,,56,,,,,11.0,False,False,True,0,Liam Lawson
202519,,,2025,,United States,,Red Bull Racing Honda RBPT,13,13.0,1:33.935,1:33.466,,,,,,,,,,,,,,7.0,2.0,False,,,,,56,,,,,7.0,False,False,True,6,Yuki Tsunoda
202519,,,2025,,United States,,Alpine Renault,14,14.0,1:33.599,1:33.651,,,,,,,,,,,,,,10.0,0.0,False,,,,,55,,,,,19.0,False,False,True,0,Pierre Gasly
202519,,,2025,,United States,,Alpine Renault,15,15.0,1:34.039,1:34.044,,,,,,,,,,,,,,14.0,0.0,False,,,,,55,,,,,17.0,False,False,True,0,Franco Colapinto
202519,,,2025,,United States,,Kick Sauber Ferrari,16,16.0,1:34.125,,,,,,,,,,,,,,,11.0,0.0,False,,,,,55,,,,,18.0,False,False,True,0,Gabriel Bortoleto
202519,,,2025,,United States,,Haas Ferrari,17,17.0,1:34.136,,,,,,,,,,,,,,,,0.0,False,,,,,56,,,,,15.0,False,False,True,0,Esteban Ocon
202519,,,2025,,United States,,Williams Mercedes,18,19.0,1:34.690,,,,,,,,,,,,,,,6.0,3.0,False,,,,,56,,,,,14.0,False,False,True,0,Alexander Albon
202519,,,2025,,United States,,Aston Martin Aramco Mercedes,19,18.0,1:34.540,,,,,,,,,,,,,,,,0.0,False,,,,,56,,,,,12.0,False,False,True,0,Lance Stroll
202519,,,2025,,United States,,Racing Bulls Honda RBPT,20,,DNF,,,,,,,,,,,,,,,12.0,0.0,False,,,,,56,,,,,16.0,False,False,True,0,Isack Hadjar
202520,,,2025,,Mexico,,McLaren Mercedes,1,1.0,1:16.899,1:16.252,1:15.586,,,,,,,,,,,,,,0.0,False,,,,,71,,,,,1.0,True,True,True,25,Lando Norris
202520,,,2025,,Mexico,,Ferrari,2,2.0,1:17.024,1:16.658,1:15.848,,,,,,,,,,,,,,0.0,False,,,,,71,,,,,2.0,False,True,True,18,Charles Leclerc
202520,,,2025,,Mexico,,Ferrari,3,3.0,1:16.736,1:16.458,1:15.938,,,,,,,,,,,,,,0.0,False,,,,,71,,,,,8.0,False,False,True,4,Lewis Hamilton
202520,,,2025,,Mexico,,Mercedes,4,4.0,1:16.895,1:16.537,1:16.034,,,,,,,,,,,,,,0.0,False,,,,,71,,,,,7.0,False,False,True,6,George Russell
202520,,,2025,,Mexico,,Red Bull Racing Honda RBPT,5,5.0,1:17.076,1:16.605,1:16.070,,,,,,,,,,,,,,0.0,False,,,,,71,,,,,3.0,False,True,True,15,Max Verstappen
202520,,,2025,,Mexico,,Mercedes,6,6.0,1:17.291,1:16.773,1:16.118,,,,,,,,,,,,,,0.0,False,,,,,71,,,,,6.0,False,False,True,8,Kimi Antonelli
202520,,,2025,,Mexico,,McLaren,7,8.0,1:17.158,1:16.737,1:16.174,,,,,,,,,,,,,,0.0,False,,,,,71,,,,,5.0,False,False,True,10,Oscar Piastri
202520,,,2025,,Mexico,,Racing Bulls Honda RBPT,8,9.0,1:16.733,1:16.804,1:16.252,,,,,,,,,,,,,,0.0,False,,,,,70,,,,,13.0,False,False,True,0,Isack Hadjar
202520,,,2025,,Mexico,,Haas Ferrari,9,10.0,1:17.040,1:16.787,1:16.460,,,,,,,,,,,,,,0.0,False,,,,,71,,,,,4.0,False,False,True,12,Oliver Bearman
202520,,,2025,,Mexico,,Red Bull Racing Honda RBPT,10,11.0,1:17:234,1:16.816,,,,,,,,,,,,,,,0.0,False,,,,,71,,,,,11.0,False,False,True,0,Yuki Tsunoda
202520,,,2025,,Mexico,,Haas Ferrari,11,12.0,1:16.948,1:16.837,,,,,,,,,,,,,,,0.0,False,,,,,71,,,,,9.0,False,False,True,2,Esteban Ocon
202520,,,2025,,Mexico,,Williams Mercedes,12,7.0,1:17.171,1:16.607,1:16.172,,,,,,,,,,,,,,0.0,False,,,,,67,,,,,17.0,False,False,False,0,Carlos Sainz
202520,,,2025,,Mexico,,Kick Sauber Ferrari,13,13.0,1:17.251,1:17.016,,,,,,,,,,,,,,,0.0,False,,,,,25,,,,,,False,False,False,0,Nico Hulkenberg
202520,,,2025,,Mexico,,Aston Martin Aramco Mercedes,14,14.0,1:17.232,1:17.103,,,,,,,,,,,,,,,0.0,False,,,,,34,,,,,,False,False,False,0,Fernando Alonso
202520,,,2025,,Mexico,,Racing Bulls Honda RBPT,15,15.0,1:16.961,1:18.072,,,,,,,,,,,,,,,0.0,False,,,,,5,,,,,,False,False,False,0,Liam Lawson
202520,,,2025,,Mexico,,Kick Sauber Ferrari,16,16.0,1:17.412,,,,,,,,,,,,,,,,0.0,False,,,,,71,,,,,10.0,False,False,True,1,Gabriel Bortoleto
202520,,,2025,,Mexico,,Williams Mercedes,17,17.0,1:17.490,,,,,,,,,,,,,,,,0.0,False,,,,,70,,,,,12.0,False,False,True,0,Alexander Albon
202520,,,2025,,Mexico,,Alpine Renault,18,18.0,1:17.546,,,,,,,,,,,,,,,,0.0,False,,,,,70,,,,,15.0,False,False,True,0,Pierre Gasly
202520,,,2025,,Mexico,,Aston Martin Aramco Mercedes,19,19.0,1:17.606,,,,,,,,,,,,,,,,0.0,False,,,,,70,,,,,14.0,False,False,True,0,Lance Stroll
202520,,,2025,,Mexico,,Alpine Renault,20,20.0,1:17.670,,,,,,,,,,,,,,,,0.0,False,,,,,70,,,,,16.0,False,False,True,0,Franco Colapinto
202521,,,2025,,Brazil,,McLaren Mercedes,1,1.0,1:09:656,1:09.616,1:09.511,,,,,,,,,,,,,1.0,8.0,True,,,,,71,,,,,1.0,True,True,True,25,Lando Norris
202521,,,2025,,Brazil,,Mercedes,2,2.0,1:10.192,1:09.774,1:09.685,,,,,,,,,,,,,2.0,7.0,True,,,,,71,,,,,2.0,False,True,True,18,Kimi Antonelli
202521,,,2025,,Brazil,,Ferrari,3,3.0,1:09.934,1:09.801,1:09.805,,,,,,,,,,,,,5.0,4.0,False,,,,,5,,,,,,False,False,False,0,Charles Leclerc
202521,,,2025,,Brazil,,McLaren Mercedes,4,4.0,1:09.928,1:09.835,1:09.886,,,,,,,,,,,,,,0.0,False,,,,,71,,,,,5.0,False,False,True,10,Oscar Piastri
202521,,,2025,,Brazil,,Racing Bulls Honda RBPT,5,5.0,1:10.083,1:09.970,1:09.931,,,,,,,,,,,,,10.0,0.0,False,,,,,71,,,,,8.0,False,False,True,4,Isack Hadjar
202521,,,2025,,Brazil,,Mercedes,6,6.0,1:09.935,1:09.880,1:09.942,,,,,,,,,,,,,3.0,6.0,True,,,,,71,,,,,4.0,False,False,True,12,George Russell
202521,,,2025,,Brazil,,Racing Bulls Honda RBPT,7,7.0,1:10.108,1:09.950,1:09.962,,,,,,,,,,,,,16.0,0.0,False,,,,,71,,,,,7.0,False,False,True,6,Liam Lawson
202521,,,2025,,Brazil,,Haas Ferrari,8,8.0,1:09.891,1:09.755,1:09.977,,,,,,,,,,,,,12.0,0.0,False,,,,,71,,,,,6.0,False,False,True,8,Oliver Bearman
202521,,,2025,,Brazil,,Alpine Renault,9,9.0,1:09.885,1:09.857,1:10.002,,,,,,,,,,,,,8.0,1.0,False,,,,,71,,,,,10.0,False,False,True,1,Pierre Gasly
202521,,,2025,,Brazil,,Aston Martin Aramco Mercedes,11,11.0,1:10.181,1:10.001,,,,,,,,,,,,,,6.0,3.0,False,,,,,71,,,,,14.0,False,False,True,0,Fernando Alonso
202521,,,2025,,Brazil,,Williams Mercedes,12,12.0,1:10.115,1:10.053,,,,,,,,,,,,,,17.0,0.0,False,,,,,71,,,,,11.0,False,False,True,0,Alexander Albon
202521,,,2025,,Brazil,,Ferrari,13,13.0,1:10.016,1:10.100,,,,,,,,,,,,,,7.0,2.0,False,,,,,37,,,,,,False,False,False,0,Lewis Hamilton
202521,,,2025,,Brazil,,Aston Martin Aramco Mercedes,14,14.0,1:10.041,1:10.161,,,,,,,,,,,,,,9.0,0.0,False,,,,,71,,,,,16.0,False,False,True,0,Lance Stroll
202521,,,2025,,Brazil,,Williams Mercedes,15,15.0,1:10.184,1:10.472,,,,,,,,,,,,,,14.0,0.0,False,,,,,71,,,,,13.0,False,False,True,0,Carlos Sainz
202521,,,2025,,Brazil,,Alpine Renault,16,18.0,1:10.632,,,,,,,,,,,,,,,,0.0,False,,,,,71,,,,,15.0,False,False,True,0,Franco Colapinto
202521,,,2025,,Brazil,,Red Bull Racing Honda RBPT,17,19.0,1:10.711,,,,,,,,,,,,,,,13.0,0.0,False,,,,,71,,,,,17.0,False,False,True,0,Yuki Tsunoda
202521,,,2025,,Brazil,,Kick Sauber Ferrari,18,,,,,,,,,,,,,,,,,18.0,0.0,False,,,,,0,,,,,,False,False,False,0,Gabriel Bortoleto
202521,,,2025,,Brazil,,Red Bull Racing Honda RBPT,19,16.0,1:10.403,,,,,,,,,,,,,,,4.0,5.0,False,,,,,71,,,,,3.0,False,True,True,15,Max Verstappen
202521,,,2025,,Brazil,,Haas Ferrari,20,17.0,1:10.438,,,,,,,,,,,,,,,11.0,0.0,False,,,,,71,,,,,12.0,False,False,True,0,Esteban Ocon
202521,,,2025,,Brazil,,Kick Sauber Ferrari,71,10.0,1:10.337,1:09.985,1:10.039,,,,,,,,,,,,,15.0,0.0,False,,,,,10,,,,,9.0,False,False,True,2,Nico Hulkenberg
202522,,,2025,,Las Vegas,,McLaren Mercedes,1,1.0,1:55.473,1:51.379,1:47.934,,,,,,,,,,,,,,0.0,False,,,,,0,,,,,,False,False,False,0,Lando Norris
202522,,,2025,,Las Vegas,,Red Bull Racing Honda RBPT,2,2.0,1:53.458,1:51.593,1:48.257,,,,,,,,,,,,,,0.0,False,,,,,50,,,,,1.0,True,True,True,25,Max Verstappen
202522,,,2025,,Las Vegas,,Williams Mercedes,3,3.0,1:54.873,1:51.144,1:48.296,,,,,,,,,,,,,,0.0,False,,,,,50,,,,,5.0,False,False,True,10,Carlos Sainz
202522,,,2025,,Las Vegas,,Mercedes,4,4.0,1:53.144,1:50.935,1:48.803,,,,,,,,,,,,,,0.0,False,,,,,50,,,,,2.0,False,True,True,18,George Russell
202522,,,2025,,Las Vegas,,McLaren Mercedes,5,5.0,1:54.544,1:52.126,1:48.961,,,,,,,,,,,,,,0.0,False,,,,,0,,,,,,False,False,False,0,Oscar Piastri
202522,,,2025,,Las Vegas,,Racing Bulls Honda RBPT,6,6.0,1:54.828,1:51.621,1:49.062,,,,,,,,,,,,,,0.0,False,,,,,49,,,,,14.0,False,False,True,0,Liam Lawson
202522,,,2025,,Las Vegas,,Aston Martin Aramco Mercedes,7,7.0,1:53.739,1:51.865,1:49.466,,,,,,,,,,,,,,0.0,False,,,,,50,,,,,11.0,False,False,True,0,Fernando Alonso
202522,,,2025,,Las Vegas,,Racing Bulls Honda RBPT,8,8.0,1:55.613,1:51.120,1:49.554,,,,,,,,,,,,,,0.0,False,,,,,50,,,,,6.0,False,False,True,8,Isack Hadjar
202522,,,2025,,Las Vegas,,Ferrari,9,9.0,1:54.814,1:51.952,1:49.872,,,,,,,,,,,,,,0.0,False,,,,,50,,,,,4.0,False,False,True,12,Charles Leclerc
202522,,,2025,,Las Vegas,,Alpine Renault,10,10.0,1:54.432,1:51.760,1:51.540,,,,,,,,,,,,,,0.0,False,,,,,50,,,,,13.0,False,False,True,0,Pierre Gasly
202522,,,2025,,Las Vegas,,Kick Sauber Ferrari,11,11.0,1:54.555,1:52.781,,,,,,,,,,,,,,,0.0,False,,,,,50,,,,,7.0,False,False,True,6,Nico Hulkenberg
202522,,,2025,,Las Vegas,,Aston Martin Aramco Mercedes,12,12.0,1:54.416,1:52.850,,,,,,,,,,,,,,,0.0,False,,,,,0,,,,,,False,False,False,0,Lance Stroll
202522,,,2025,,Las Vegas,,Haas Ferrari,13,13.0,1:54.635,1:52.987,,,,,,,,,,,,,,,0.0,False,,,,,50,,,,,9.0,False,False,True,2,Esteban Ocon
202522,,,2025,,Las Vegas,,Haas Ferrari,14,14.0,1:56.016,1:53.094,,,,,,,,,,,,,,,0.0,False,,,,,50,,,,,10.0,False,False,True,1,Oliver Bearman
202522,,,2025,,Las Vegas,,Alpine Renault,15,15.0,1:54.847,1:53.683,,,,,,,,,,,,,,,0.0,False,,,,,49,,,,,15.0,False,False,True,0,Franco Colapinto
202522,,,2025,,Las Vegas,,Williams Mercedes,16,16.0,1:56.220,,,,,,,,,,,,,,,,0.0,False,,,,,35,,,,,,False,False,False,0,Alexander Albon
202522,,,2025,,Las Vegas,,Mercedes,17,17.0,1:56.314,,,,,,,,,,,,,,,,0.0,False,,,,,50,,,,,3.0,False,True,True,15,Kimi Antonelli
202522,,,2025,,Las Vegas,,Kick Sauber Ferrari,18,18.0,1:56.674,,,,,,,,,,,,,,,,0.0,False,,,,,2,,,,,,False,False,False,0,Gabriel Bortoleto
202522,,,2025,,Las Vegas,,Ferrari,19,20.0,1:57.115,,,,,,,,,,,,,,,,0.0,False,,,,,50,,,,,8.0,False,False,True,4,Lewis Hamilton
202522,,,2025,,Las Vegas,,Red Bull Racing Honda RBPT,20,19.0,1:56.798,,,,,,,,,,,,,,,,0.0,False,,,,,50,,,,,12.0,False,False,True,0,Yuki Tsunoda
202523,,,2025,,Qatar,,McLaren Mercedes,1,1.0,1:20.234,1:19.650,1:19.387,,,,,,,,,,,,,1.0,8.0,True,,,,,57,,,,,2.0,False,True,True,18,Oscar Piastri
202523,,,2025,,Qatar,,McLaren Mercedes,2,2.0,1:20.157,1:19.861,1:19.495,,,,,,,,,,,,,3.0,6.0,True,,,,,57,,,,,4.0,False,False,True,12,Lando Norris
202523,,,2025,,Qatar,,Red Bull Racing Honda RBPT,3,3.0,1:20.472,1:19.985,1:19.651,,,,,,,,,,,,,4.0,5.0,False,,,,,57,,,,,1.0,True,True,True,25,Max Verstappen
202523,,,2025,,Qatar,,Mercedes,4,4.0,1:20.074,1:120.186,1:19.662,,,,,,,,,,,,,2.0,7.0,True,,,,,57,,,,,6.0,False,False,True,8,George Russell
202523,,,2025,,Qatar,,Mercedes,5,5.0,1:20.576,1:120.084,1:19.846,,,,,,,,,,,,,6.0,3.0,False,,,,,57,,,,,5.0,False,False,True,10,Kimi Antonelli
202523,,,2025,,Qatar,,Racing Bulls Honda RBPT,6,6.0,1:20.603,1:20.350,1:20.114,,,,,,,,,,,,,9.0,0.0,False,,,,,55,,,,,18.0,False,False,False,0,Isack Hadjar
202523,,,2025,,Qatar,,Williams Mercedes,7,7.0,1:20.520,1:20.251,1:20.287,,,,,,,,,,,,,8.0,1.0,False,,,,,57,,,,,3.0,False,True,True,15,Carlos Sainz
202523,,,2025,,Qatar,,Aston Martin Aramco Mercedes,8,8.0,1:20.598,1:20.219,1:20.418,,,,,,,,,,,,,7.0,2.0,False,,,,,57,,,,,7.0,False,False,True,6,Fernando Alonso
202523,,,2025,,Qatar,,Alpine Renault,9,9.0,1:20.681,1:20.324,1:20.477,,,,,,,,,,,,,18.0,0.0,False,,,,,56,,,,,16.0,False,False,True,0,Pierre Gasly
202523,,,2025,,Qatar,,Ferrari,10,10.0,1:20.654,1:20.343,1:20.561,,,,,,,,,,,,,13.0,0.0,False,,,,,57,,,,,8.0,False,False,True,4,Charles Leclerc
202523,,,2025,,Qatar,,Kick Sauber Ferrari,11,11.0,1:20.630,1:20.353,,,,,,,,,,,,,,16.0,0.0,False,,,,,6,,,,,,False,False,False,0,Nico Hulkenberg
202523,,,2025,,Qatar,,Racing Bulls Honda RBPT,12,12.0,1:20.539,1:20.433,,,,,,,,,,,,,,14.0,0.0,False,,,,,57,,,,,9.0,False,False,True,2,Liam Lawson
202523,,,2025,,Qatar,,Haas Ferrari,13,13.0,1:20.548,1:20.438,,,,,,,,,,,,,,12.0,0.0,False,,,,,41,,,,,,False,False,False,0,Oliver Bearman
202523,,,2025,,Qatar,,Williams Mercedes,14,15.0,1:20.629,1:20.629,,,,,,,,,,,,,,10.0,0.0,False,,,,,57,,,,,11.0,False,False,True,0,Alexander Albon
202523,,,2025,,Qatar,,Red Bull Racing Honda RBPT,15,16.0,1:20.761,,,,,,,,,,,,,,,5.0,4.0,False,,,,,57,,,,,10.0,False,False,True,1,Yuki Tsunoda
202523,,,2025,,Qatar,,Haas Ferrari,16,17.0,1:20.864,,,,,,,,,,,,,,,15.0,0.0,False,,,,,56,,,,,15.0,False,False,True,0,Esteban Ocon
202523,,,2025,,Qatar,,Ferrari,17,18.0,1:20.907,,,,,,,,,,,,,,,17.0,0.0,False,,,,,57,,,,,12.0,False,False,True,0,Lewis Hamilton
202523,,,2025,,Qatar,,Aston Martin Aramco Mercedes,18,19.0,1:21.058,,,,,,,,,,,,,,,19.0,0.0,False,,,,,55,,,,,17.0,False,False,False,0,Lance Stroll
202523,,,2025,,Qatar,,Kick Sauber Ferrari,19,14.0,1:20.653,1:20.534,,,,,,,,,,,,,,11.0,0.0,False,,,,,57,,,,,13.0,False,False,True,0,Gabriel Bortoleto
202523,,,2025,,Qatar,,Alpine Renault,20,20.0,1:21.137,,,,,,,,,,,,,,,20.0,0.0,False,,,,,56,,,,,14.0,False,False,True,0,Franco Colapinto
202524,,,2025,,Abu Dhabi,,Red Bull Racing Honda RBPT,1,1.0,1:22.877,1:22.752,1:22.207,,,,,,,,,,,,,,0.0,False,,,,,58,,,,,1.0,True,True,True,25,Max Verstappen
202524,,,2025,,Abu Dhabi,,McLaren Mercedes,2,2.0,1:23.178,1:22.804,1:22.408,,,,,,,,,,,,,,0.0,False,,,,,58,,,,,3.0,False,True,True,15,Lando Norris
202524,,,2025,,Abu Dhabi,,McLaren Mercedes,3,3.0,1:22.605,1:23.021,1:22.437,,,,,,,,,,,,,,0.0,False,,,,,58,,,,,2.0,False,True,True,18,Oscar Piastri
202524,,,2025,,Abu Dhabi,,Mercedes,4,4.0,1:23.247,1:22.730,1:22.645,,,,,,,,,,,,,,0.0,False,,,,,58,,,,,5.0,False,False,True,10,George Russell
202524,,,2025,,Abu Dhabi,,Ferrari,5,5.0,1:23.163,1:22.948,1:22.730,,,,,,,,,,,,,,0.0,False,,,,,58,,,,,4.0,False,False,True,12,Charles Leclerc
202524,,,2025,,Abu Dhabi,,Aston Martin Aramco Mercedes,6,6.0,1:23.071,1:22.861,1:22.902,,,,,,,,,,,,,,0.0,False,,,,,58,,,,,6.0,False,False,True,8,Fernando Alonso
202524,,,2025,,Abu Dhabi,,Kick Sauber Ferrari,7,7.0,1:23.374,1:22.874,1:22.904,,,,,,,,,,,,,,0.0,False,,,,,58,,,,,11.0,False,False,True,0,Gabriel Bortoleto
202524,,,2025,,Abu Dhabi,,Haas Ferrari,8,8.0,1:23.334,1:23.023,1:22.913,,,,,,,,,,,,,,0.0,False,,,,,58,,,,,7.0,False,False,True,6,Esteban Ocon
202524,,,2025,,Abu Dhabi,,Racing Bulls Honda RBPT,9,9.0,1:23.373,1:22.997,1:23.072,,,,,,,,,,,,,,0.0,False,,,,,57,,,,,17.0,False,False,True,0,Isack Hadjar
202524,,,2025,,Abu Dhabi,,Red Bull Racing Honda RBPT,10,10.0,1:23.386,1:23.034,DNF,,,,,,,,,,,,,,0.0,False,,,,,58,,,,,14.0,False,False,True,0,Yuki Tsunoda
202524,,,2025,,Abu Dhabi,,Haas Ferrari,11,11.0,1:23.254,1:23.041,,,,,,,,,,,,,,,0.0,False,,,,,58,,,,,12.0,False,False,True,0,Oliver Bearman
202524,,,2025,,Abu Dhabi,,Williams Mercedes,12,12.0,1:23.187,1:23.042,,,,,,,,,,,,,,,0.0,False,,,,,58,,,,,13.0,False,False,True,0,Carlos Sainz
202524,,,2025,,Abu Dhabi,,Racing Bulls Honda RBPT,13,13.0,1:23.265,1:23.077,,,,,,,,,,,,,,,0.0,False,,,,,57,,,,,18.0,False,False,True,0,Liam Lawson
202524,,,2025,,Abu Dhabi,,Mercedes,14,14.0,1:22.894,1:23.080,,,,,,,,,,,,,,,0.0,False,,,,,58,,,,,15.0,False,False,True,0,Kimi Antonelli
202524,,,2025,,Abu Dhabi,,Aston Martin Aramco Mercedes,15,15.0,1:23.316,1:23.097,,,,,,,,,,,,,,,0.0,False,,,,,58,,,,,10.0,False,False,True,1,Lance Stroll
202524,,,2025,,Abu Dhabi,,Ferrari,16,16.0,1:23.394,,,,,,,,,,,,,,,,0.0,False,,,,,58,,,,,8.0,False,False,True,4,Lewis Hamilton
202524,,,2025,,Abu Dhabi,,Williams Mercedes,17,17.0,1:23.416,,,,,,,,,,,,,,,,0.0,False,,,,,58,,,,,16.0,False,False,True,0,Alexander Albon
202524,,,2025,,Abu Dhabi,,Kick Sauber Ferrari,18,18.0,1:23.450,,,,,,,,,,,,,,,,0.0,False,,,,,58,,,,,9.0,False,False,True,2,Nico Hulkenberg
202524,,,2025,,Abu Dhabi,,Alpine Renault,19,19.0,1:23.468,,,,,,,,,,,,,,,,0.0,False,,,,,57,,,,,19.0,False,False,True,0,Pierre Gasly
202524,,,2025,,Abu Dhabi,,Alpine Renault,20,20.0,1:23.890,,,,,,,,,,,,,,,,0.0,False,,,,,57,,,,,20.0,False,False,True,0,Franco Colapinto
